1	2	一部 任務1　フォス丘陵地	スプリングガーデンを滅亡へと導く存在、害虫。<br>その脅威に対抗できる花騎士たちを率いて、<br>ブロッサムヒルから新たな騎士団長が誕生する――。	images/character/s/bustup_nzn_01.png	images/synopsis/synopsisbg_0001.jpg	-240	0	100	images/ui/synopsis_button.png	
2	3	一部 任務2　ガルデの裾野	フォス丘陵地での初任務を終えた騎士団のもとに現れた、<br>ウィンターローズの花騎士ロイヤルプリンセス。<br>騎士団一行は彼女とともに女王ノヴァーリスを探すことに。	images/character/s/bustup_130501.png	images/synopsis/synopsisbg_0001.jpg	-240	0	100	images/ui/synopsis_button.png	
3	4	一部 任務3　ナヴィア平野	いまだ行方の知れないノヴァーリスを探しつつ、<br>騎士団一行の捜索と討伐任務は続く。<br>果たして彼女は何を思い、どこへ向かったのだろうか――。	images/character/s/bustup_152801.png	images/synopsis/synopsisbg_0001.jpg	-240	0	100	images/ui/synopsis_button.png	
4	5	一部 任務4　ミムイスの湖畔	イエローパンジーの証言により、<br>ついにノヴァーリスの足取りを掴んだ一行は、<br>ブロッサムヒル南方、ミムイスの湖畔へと急行する。	images/character/s/bustup_130301.png	images/synopsis/synopsisbg_0001.jpg	-240	0	100	images/ui/synopsis_button.png	
5	6	一部 任務5　無垢なる森林区	ブロッサムヒルでの活躍を評価された騎士団一行は、<br>女王から直々にリリィウッドへの応援部隊として<br>派遣されることになるのだが……。	images/character/s/bustup_141701.png	images/synopsis/synopsisbg_0002.jpg	-240	0	100	images/ui/synopsis_button.png	
6	7	一部 任務6　ミズ回廊	イエローチューリップの案内により、<br>無事リリィウッド中心街へと辿り着いた一行。<br>与えられた任務は、中心街を取り囲む回廊の警備だった。	images/character/s/bustup_152401.png	images/synopsis/synopsisbg_0002.jpg	-240	0	100	images/ui/synopsis_button.png	
7	8	一部 任務7　エダの深き森	スイートピー、キンモクセイらと共に<br>ミズ回廊への害虫進行を食い止めた一行は、<br>賢人エダが眠るという深い森へと向かうことになり……。	images/character/s/bustup_141701_03.png	images/synopsis/synopsisbg_0002.jpg	-240	0	100	images/ui/synopsis_button.png	
8	9	一部 任務8　イオル外郭	リリィウッドでの任務期間がちょうど終わった頃、<br>騎士団一行のもとに一つの招待状が舞い込む。<br>それは、以前救出したノヴァーリスからのもので……。	images/character/s/bustup_120401_03.png	images/synopsis/synopsisbg_0002.jpg	-240	0	100	images/ui/synopsis_button.png	
9	10	一部 任務9　モズ森林区	グラジオラスやキキョウらとともに<br>イオル外郭での害虫騒動を解決した一行は、<br>ウィンターローズの真っ白な森へと歩を進めてゆく。	images/character/s/bustup_130501_02.png	images/synopsis/synopsisbg_0004.jpg	-240	0	100	images/ui/synopsis_button.png	
10	11	一部 任務10　フヴァの氷結湖	パンジー姉妹らとともにモズ森林区を抜けると、<br>そこには巨大な凍った湖があった。<br>その湖から続く川を辿れば街に着くというのだが……。	images/character/s/bustup_nzn_02.png	images/synopsis/synopsisbg_0004.jpg	-240	0	100	images/ui/synopsis_button.png	
11	12	一部 任務11　ナイドホグル雪原	ブルーロータスたちとの任務の直後、突然の猛吹雪に襲われ、<br>右も左も分からないまま過酷な雪原に放り出された一行。<br>死の世界の如き大地から、生還することはできるのだろうか。	images/character/s/bustup_152801_02.png	images/synopsis/synopsisbg_0004.jpg	-240	0	100	images/ui/synopsis_button.png	
12	13	一部 任務12　ダインの遺跡	行き倒れていたレンゲソウを助け、<br>行き倒れそうになったところをカトレアに助けられ、<br>ようやく街に辿り着いた一行は手厚い歓迎を受けるが……。	images/character/s/bustup_132401_02.png	images/synopsis/synopsisbg_0004.jpg	-240	0	100	images/ui/synopsis_button.png	
13	14	一部 任務13　旧フォス修練区	これまでの様々な活躍が認められ、<br>騎士団一行には束の間の休みが与えられた。<br>しかしどうやら、アブラナには何か不満があるようで……。	images/character/s/bustup_130301_04.png	images/synopsis/synopsisbg_0001.jpg	-240	0	100	images/ui/synopsis_button.png	
14	15	一部 任務14　ブロッサムヒル外郭	旧フォス修練区の害虫討伐で<br>サボテンから実力を認められた一行は、<br>彼女の紹介で過酷な任務地、ブロッサムヒル外郭へと向かう。	images/character/s/bustup_130501_02.png	images/synopsis/synopsisbg_0005.jpg	-240	0	100	images/ui/synopsis_button.png	
15	16	一部 任務15　オズの神霊樹林	ウメから明かされた、西の荒野の調査任務。<br>それは、実力のある騎士団にしか任されないものだった。<br>ナズナがその任務を隠していた理由とは、果たして――。	images/character/s/bustup_nzn_06.png	images/synopsis/synopsisbg_0002.jpg	-240	0	100	images/ui/synopsis_button.png	
16	17	一部 任務16　白百合街道	調査任務が終わったら、ナズナとは別れることに――。<br>西の荒野へ着実に歩を進める一行だが、<br>それぞれの思うところはばらばらのままで……。	images/character/s/bustup_141701_04.png	images/synopsis/synopsisbg_0042.jpg	-240	0	100	images/ui/synopsis_button.png	
17	18	一部 任務17　フラスベルグ渓谷	ヤグルマギク、ハナミズキからアドバイスをもらい、<br>ナズナとの別れに一つ心の区切りをつけた一行は、<br>リリィウッドを抜け、ベルガモットバレーを目指す。	images/character/s/bustup_130301.png	images/synopsis/synopsisbg_0005.jpg	-240	0	100	images/ui/synopsis_button.png	
18	19	一部 任務18　ブレーメン防衛基地跡	ベルガモットバレーを後にした一行は、<br>調査任務の目的地である害虫の総本山、<br>西の荒野――コダイバナの一角へと足を踏み入れる。	images/character/s/bustup_130501_03.png	images/synopsis/synopsisbg_0005.jpg	-240	0	100	images/ui/synopsis_button.png	
19	20	一部 任務19　ヘーオスの密林	空間を歪ませる害虫の力により、<br>西の荒野から遠くへと飛ばされてしまう一行。<br>意識を取り戻し、目を覚ました場所は――。	images/character/s/bustup_152801_04.png	images/synopsis/synopsisbg_0008.jpg	-240	0	100	images/ui/synopsis_button.png	
20	21	一部 任務20　フォス平原	カサブランカの手引きにより、<br>クジラ型飛行船でブロッサムヒルへと戻ってきた一行は、<br>国の危機を救うべく、夥しい数の害虫へ戦いを挑む――。	images/synopsis/other/bustup_synopsis_0000.png	images/synopsis/synopsisbg_0044.jpg	-168	64	80	images/ui/synopsis_button.png	
21	22	一部 任務21　富と誇りの遊歩道	ブロッサムヒル大襲撃から数日後――。<br>団長補佐ナズナを欠いた騎士団一行は、<br>リリィウッドで静かに休暇を過ごしていたが……。	images/character/s/bustup_130501.png	images/synopsis/synopsisbg_0008.jpg	-240	0	100	images/ui/synopsis_button.png	
22	23	一部 任務22　ダイダイ灯台	先日のバナナオーシャンでの活躍を認められ、<br>一行はカサブランカから夜のお祭りに招待される。<br>その灯りは、遥か遠くのダイダイ灯台からもたらされていた。	images/character/s/bustup_152801_02.png	images/synopsis/synopsisbg_0020.jpg	-240	0	100	images/ui/synopsis_button.png	
23	24	一部 任務23　ギャヴェンの双子碑文	オトメユリ、ジャーマンアイリスらと協力し、<br>ダイダイ灯台の灯りを害虫から取り戻した一行は、<br>ひょんなことから夜の密林へ向かうことになって……？	images/character/s/bustup_110401_02.png	images/synopsis/synopsisbg_0020.jpg	-240	0	100	images/ui/synopsis_button.png	
24	25	一部 任務24　マフル高原	双子碑文の謎を解くために奔走するワレモコウだったが、<br>成果の上がらないまま時間ばかりが過ぎてゆく。<br>故郷ベルガモットバレーに、何か手がかりはあるのだろうか。	images/character/s/bustup_141701_04.png	images/synopsis/synopsisbg_0013.jpg	-240	0	100	images/ui/synopsis_button.png	
25	26	一部 任務25　実りの渓谷地帯	双子碑文の謎の手がかりをつかむべく、<br>ケンザンのからくり屋敷跡を目指すことにした一行。<br>しかしその道中、緊急の救援要請が入ってしまい……。	images/character/s/bustup_145701.png	images/synopsis/synopsisbg_0013.jpg	-240	0	100	images/ui/synopsis_button.png	
26	27	一部 任務26　桃源郷外周	モミジとキンレンカを追い、一行は夜の渓谷を駆ける。<br>辿り着いた先は、<br>世にも美しい街並みを臨む幻想的な草原だった――。	images/character/s/bustup_155301_03.png	images/synopsis/synopsisbg_0006.jpg	-240	0	100	images/ui/synopsis_button.png	
27	28	一部 任務27　ウカガミの谷	ナデシコの剣術道場で一晩を過ごした騎士団一行は、<br>ウカガミの谷にあるというケンザンのからくり屋敷跡を目指す。<br>すべては、双子碑文の謎を解くために……。	images/character/s/bustup_141801_02.png	images/synopsis/synopsisbg_0039.jpg	-240	0	100	images/ui/synopsis_button.png	
28	29	一部 任務28　エトゥ神殿	双子碑文の古代文字は、ダインの遺跡にも記されていた。<br>そう思い出したワレモコウの言葉を信じ、<br>一行は最短距離でウィンターローズを目指すことになり……。	images/character/s/bustup_130301_03.png	images/synopsis/synopsisbg_0019.jpg	-240	0	100	images/ui/synopsis_button.png	
29	30	一部 任務29　蒼銀の牢獄湖	エトゥ神殿を抜け、フヴァの氷結湖へと差し掛かる一行。<br>しかしそこは、以前訪れたときと様相が変わり、<br>不気味な害虫のひしめく過酷な世界となっていた。	images/character/s/bustup_nzn_05.png	images/synopsis/synopsisbg_0045.jpg	-240	0	100	images/ui/synopsis_button.png	
30	31	一部 任務30　白百合の集落	害虫と花騎士の戦いが幕を開けてから、およそ千年。<br>ブロッサムヒル大襲撃に始まるスプリングガーデンの異変は、<br>リリィウッドの片隅でも静かに進行していた――。	images/character/s/bustup_152001.png	images/synopsis/synopsisbg_0042.jpg	-240	0	100	images/ui/synopsis_button.png	
31	32	一部 任務31　エルモズ山麓	シンビジュームたちから氷結湖の極秘調査を依頼され、<br>ウィンターローズへ向かうこととなったエーデルワイスは、<br>魔境と呼ばれるエルモズ山麓へと向かう……。	images/character/s/bustup_150601.png	images/synopsis/synopsisbg_0004.jpg	-240	0	100	images/ui/synopsis_button.png	
32	33	一部 任務32　ギオル川のほとり	険しい山麓を抜け、街へ辿り着いたエーデルワイスたち。<br>氷結湖へは、南西に走るギオル川を辿ってゆくことになった。<br>果たしてそこには、何が待ち構えているのだろうか……？	images/character/s/bustup_113001.png	images/synopsis/synopsisbg_0045.jpg	-240	0	100	images/ui/synopsis_button.png	
33	34	一部 任務33　グリドの白き森淵	氷結湖でエーデルワイスたちと合流し、事なきを得た一行。<br>衰弱した団長、スノーフレークの治療のため、<br>ウィンターローズ中心街の医療施設へと向かうのだが……。	images/character/s/bustup_111901_02	images/synopsis/synopsisbg_0004.jpg	-240	0	100	images/ui/synopsis_button.png	
34	35	一部 任務34　キルクの遺跡	ついに碑文の一部を解読することに成功したワレモコウ。<br>バナナオーシャンの遺跡の地下に何かが眠っているとのことで、<br>一行はレシュノルティアを連れて急行するのだが……。	images/character/s/bustup_120801.png	images/synopsis/synopsisbg_0055.jpg	-240	0	100	images/ui/synopsis_button.png	
35	1001	月曜任務　赤の進化竜との出会い	進化に必要な赤の進化竜ブルムを入手して花騎士を進化させましょう！	images/character/s/bustup_nzn_01.png	images/synopsis/synopsisbg_0002.jpg	-240	0	100	images/ui/synopsis_specialungeon.png	
36	1002	火曜任務　青の進化竜との出会い	進化に必要な青の進化竜ブルムを入手して花騎士を進化させましょう！	images/character/s/bustup_nzn_01.png	images/synopsis/synopsisbg_0002.jpg	-240	0	100	images/ui/synopsis_specialungeon.png	
37	1003	水曜任務　強化精霊の大宴会（黄・紫）	強化に必要な強化霊マニュ黄・紫を入手して花騎士を強化しましょう！	images/character/s/bustup_nzn_01.png	images/synopsis/synopsisbg_0001.jpg	-240	0	100	images/ui/synopsis_specialungeon.png	
38	1004	木曜任務　黄の進化竜との出会い	進化に必要な黄の進化竜ブルムを入手して花騎士を進化させましょう！	images/character/s/bustup_nzn_01.png	images/synopsis/synopsisbg_0002.jpg	-240	0	100	images/ui/synopsis_specialungeon.png	
39	1005	金曜任務　紫の進化竜との出会い	進化に必要な紫の進化竜ブルムを入手して花騎士を進化させましょう！	images/character/s/bustup_nzn_01.png	images/synopsis/synopsisbg_0002.jpg	-240	0	100	images/ui/synopsis_specialungeon.png	
40	1011	土曜任務　もりもりゴールドブースト	強化や進化、開花に必須のゴールドを大量に入手しましょう！	images/character/s/bustup_nzn_01.png	images/synopsis/synopsisbg_0002.jpg	-240	0	100	images/ui/synopsis_specialungeon.png	
41	1007	日曜任務　強化精霊の大宴会（赤・青）	強化に必要な強化霊マニュ赤・青を入手して花騎士を強化しましょう！	images/character/s/bustup_nzn_01.png	images/synopsis/synopsisbg_0002.jpg	-240	0	100	images/ui/synopsis_specialungeon.png	
42	9000	ウィンターローズ防衛戦	ウィンターローズ所属の花騎士は、任務中の攻撃力が上昇し、<br>クリア時に、編成人数に応じた数の絆水晶を獲得できます！<br>※絆水晶が獲得できる花騎士の編成人数は、自身のパーティ分のみとなります。	images/character/s/bustup_nzn_01.png	images/synopsis/synopsisbg_0004.jpg	-240	0	100	images/ui/synopsis_specialungeon.png	
43	9100	バナナオーシャン防衛戦	バナナオーシャン所属の花騎士は、任務中の攻撃力が上昇し、<br>クリア時に、編成人数に応じた数の絆水晶を獲得できます！<br>※絆水晶が獲得できる花騎士の編成人数は、自身のパーティ分のみとなります。	images/character/s/bustup_nzn_01.png	images/synopsis/synopsisbg_0008.jpg	-240	0	100	images/ui/synopsis_specialungeon.png	
44	9200	ブロッサムヒル防衛戦	ブロッサムヒル所属の花騎士は、任務中の攻撃力が上昇し、<br>クリア時に、編成人数に応じた数の絆水晶を獲得できます！<br>※絆水晶が獲得できる花騎士の編成人数は、自身のパーティ分のみとなります。	images/character/s/bustup_nzn_01.png	images/synopsis/synopsisbg_0001.jpg	-240	0	100	images/ui/synopsis_specialungeon.png	
45	9300	ベルガモットバレー防衛戦	ベルガモットバレー所属の花騎士は、任務中の攻撃力が上昇し、<br>クリア時に、編成人数に応じた数の絆水晶を獲得できます！<br>※絆水晶が獲得できる花騎士の編成人数は、自身のパーティ分のみとなります。	images/character/s/bustup_nzn_01.png	images/synopsis/synopsisbg_0013.jpg	-240	0	100	images/ui/synopsis_specialungeon.png	
46	9400	リリィウッド防衛戦	リリィウッド所属の花騎士は、任務中の攻撃力が上昇し、<br>クリア時に、編成人数に応じた数の絆水晶を獲得できます！<br>※絆水晶が獲得できる花騎士の編成人数は、自身のパーティ分のみとなります。	images/character/s/bustup_nzn_01.png	images/synopsis/synopsisbg_0002.jpg	-240	0	100	images/ui/synopsis_specialungeon.png	
47	600000	常設任務　開花の秘薬を求めて	開花に必要な秘薬を入手して花騎士を開花させましょう！	images/character/s/bustup_nzn_01.png	images/synopsis/synopsisbg_0002.jpg	-240	0	100	images/ui/synopsis_specialungeon.png	
48	1010	常設任務　ざくざくゴールドラッシュ	強化や進化、開花に必須のゴールドを入手しましょう！	images/character/s/bustup_nzn_01.png	images/synopsis/synopsisbg_0002.jpg	-240	0	100	images/ui/synopsis_specialungeon.png	
49	100	常設任務　贈り物を求めて	花騎士の好感度を上げる贈り物を入手しましょう！	images/character/s/bustup_nzn_01.png	images/synopsis/synopsisbg_0002.jpg	-240	0	100	images/ui/synopsis_specialungeon.png	
50	36	一部 任務35　ラカタンビーチ	キルクの遺跡地下にて、一行は謎の書類を発見する。<br>それは、巨大なクジラを模した乗り物の設計図だった。<br>果たして誰が、何のために隠していたものなのだろうか……？	images/character/s/bustup_124703.png	images/synopsis/synopsisbg_0008.jpg	-240	0	100	images/ui/synopsis_button.png	
51	37	一部 任務36　エムオン島	害虫に立ち向かうのは、花騎士だけではない。<br>巨大な飛行兵器の是非で意見の一致をみた一行は、<br>早速その製造に取り掛かろうとするのだが……。	images/character/s/bustup_123401_02.png	images/synopsis/synopsisbg_0036.jpg	-240	0	100	images/ui/synopsis_button.png	
52	38	一部 任務37　ウィンターローズ霊峰	騎士団一行がクジラ艇の製造に着手する一方、<br>ウィンターローズでスノーフレークの回復を待っていた<br>エーデルワイスは、何かできることはないかと悩んでいて……。	images/character/s/bustup_116003_06	images/synopsis/synopsisbg_0004.jpg	-240	0	100	images/ui/synopsis_button.png	
53	1021	水曜任務　強化精霊の大宴会（赤・青）	強化に必要な強化霊マニュ赤・青を入手して花騎士を強化しましょう！	images/character/s/bustup_nzn_01.png	images/synopsis/synopsisbg_0002.jpg	-240	0	100	images/ui/synopsis_specialungeon.png	
54	1022	日曜任務　強化精霊の大宴会（黄・紫）	強化に必要な強化霊マニュ黄・紫を入手して花騎士を強化しましょう！	images/character/s/bustup_nzn_01.png	images/synopsis/synopsisbg_0001.jpg	-240	0	100	images/ui/synopsis_specialungeon.png	
55	39	一部 任務38 ガルデの古戦場	霊峰の頂上でクリスタルを発見したエーデルワイスたち。<br>しかしひょんなことからそれは坂を転げ落ちてしまい、<br>追いかけていくうちにどんどん遠くへ、遠くへ……。	images/character/s/bustup_131501.png	images/synopsis/synopsisbg_0056.jpg	-240	0	100	images/ui/synopsis_button.png	
56	40	一部 任務39 ブレーメン地方	死と滅びに向かい続ける西の荒野、ブレーメン地方。<br>害虫の総本山と恐れられるこの地に、<br>エーデルワイスが飛ばされてきた意味とは……？	images/character/s/bustup_144803.png	images/synopsis/synopsisbg_0057.jpg	-240	0	100	images/ui/synopsis_button.png	
57	13520	復刻任務　温泉湯けむり七草事件	新年早々、団長補佐ナズナのもとに一通の手紙が届く。<br>それは彼女の旧友・ハコベラたちからのもので、<br>温泉宿への慰安旅行の招待だった。<br>一も二もなく団長を連れてベルガモットバレーへ<br>急行するナズナ――<br>しかしハコベラたちの真の目的は他にあった！<br>それは渓谷地帯のどこかにあるという、<br>若返りや不老不死にすら効果のある<br>秘湯・生命の湯を見つけることで……！？	images/character/s/bustup_131805.png	images/synopsis/synopsisbg_3051.jpg	-240	0	100	images/ui/synopsis_button.png	
58	13530	復刻任務　光華祭トロピカルプリンセス	常夏の世界花バナナオーシャンにて、「最も光り輝く花騎士」<br>を決定する光華祭トロピカルプリンセスが開催される！<br>この光華祭は、繁華祭や栄華祭のように歴史がある……わけでは<br>まったくなく、それらを真似して今年から初めた新しい<br>催事であり式典というよりはお祭りに近いもののようだ。<br>人々はこの突発的で陽気なフェスティバルを楽しみ、思い思いの<br>花騎士に投票していたのだが、リリィウッドの元老院に籍を置く<br>花騎士プロテアたちが何故か「視察」にやって来て……！？	images/character/s/bustup_152807.png	images/synopsis/synopsisbg_3050.jpg	-240	0	100	images/ui/synopsis_button.png	
59	23000	再復刻任務　滅びの都市ブレーメン	繁栄都市ブレーメン。<br>かつて存在した美しい街並みは害虫に破壊され、<br>今では害虫の巣窟と化している……。<br>滅びの都市ブレーメンへと向かい、害虫の駆除を行おう。	images/character/s/bustup_141103.png	images/synopsis/synopsisbg_3005.jpg	-240	0	100	images/ui/synopsis_button.png	
60	23010	再復刻任務　尊い想い出のために	リリィウッドの貴族、エーデルワイス。<br>彼女は人々の先頭に立ち、貴族でありながら害虫と戦っていた。<br>そんなある日、大型の害虫がリリィウッド近辺に<br>住み着いたと情報が入った。<br>エーデルワイスは一人での討伐は厳しいと判断し<br>騎士団へ共闘の依頼を出した……。	images/character/s/bustup_150601.png	images/synopsis/synopsisbg_3002.jpg	-240	0	100	images/ui/synopsis_button.png	
61	23020	再復刻任務　王佐の力を求めて	バナナオーシャンの花騎士ヤマユリ。<br>彼女は王族であるカサブランカを王とするべく日々研鑽を重ねていた。<br>より強力にカサブランカを補佐することを望む彼女は<br>自らを成長させるべく、ウィンターローズにそびえ立つ霊峰へ<br>修行に赴くのであった。	images/character/s/bustup_122703.png	images/synopsis/synopsisbg_3004.jpg	-240	0	100	images/ui/synopsis_button.png	
62	23030	再復刻任務　夜の輝きに感謝を込めて	戦争で両親を失ったヨルガオ。<br>彼女の傷ついた心を癒やしたのは同じ孤児院で育った<br>アサガオとヒルガオだった。<br>うまく言葉にできない二人への感謝を伝えたい――。<br>ある日、彼女は貴重なアクセサリーを生む種を集める<br>害虫の噂を聞く。その害虫は不思議な光を発しており、<br>夜の方が見つけやすいらしい。<br>その種を集めて来よう――。<br>ヨルガオは草木が寝静まる草原に分け入っていくのだった。	images/character/s/bustup_122303.png	images/synopsis/synopsisbg_3006.jpg	-240	0	100	images/ui/synopsis_button.png	
63	23040	再復刻任務　古代華の残り香	スプリングガーデン全土で奇妙な現象が確認された。<br>突如虚空から荒れ果てた土地が現れ、そこに立ち入った人は<br>二度と戻ってくることがないらしい。<br>その土地の正体はコダイバナの国。<br>今も続くスプリングガーデンの混乱を招いた国である。<br>今は亡き国が活力を求め、<br>各地で怪現象を起こす原因となっているようだ。<br>バナナオーシャンの政を司る家系を持つタチバナは、<br>為政者として怪現象による被害を食い止めるべく旅に出る。	images/character/s/bustup_123101.png	images/synopsis/synopsisbg_3005.jpg	-240	0	100	images/ui/synopsis_button.png	
64	23050	再復刻任務　取り戻すべき平穏	先日大型の害虫が浜辺で発見されたリリィウッド。<br>貴族と騎士団の共闘によって辛くもこの撃退に成功した。<br>一旦は安息を得たものの、危険を完全に取り除くためこの害虫を<br>追撃し殲滅を行うこととなった。<br>追撃には万全を期して他国に救援を要請。<br>救援依頼を受けたバナナオーシャンは騎士団からヒメユリを<br>討伐隊として派遣するのだった。	images/character/s/bustup_122707.png	images/synopsis/synopsisbg_3002.jpg	-240	0	100	images/ui/synopsis_button.png	
65	23060	再復刻任務 繁華祭フォスフォレシア	花々が色づく季節、暖かな光に包まれたブロッサムヒルの<br>空中庭園でフォスフォレシア・カーニバルが開催される！<br>この祭典は、伝説の勇者を通して世界花の力を受け取り<br>最初の花騎士となったフォスの名を冠したもので<br>人々の投票によって花騎士達の活躍と功績が讃えられるのだ。<br>中でも、もっとも多くの支持を得た花騎士は”フォスの花嫁”<br>と呼ばれ花騎士として最高の栄誉を受けることに―。<br>果たしてもっとも多くの支持を得るのは誰なのか！？<br>そんな大盛況の通りには、投票券を運ぶレシュノルティアの姿が	images/character/s/bustup_113001.png	images/synopsis/synopsisbg_3001.jpg	-240	0	100	images/ui/synopsis_button.png	
66	23070	再復刻任務　紅き友情が守りしモノ	その優しい性格から、同じ花騎士達に慕われるゼラニウム。<br>彼女は自分とは正反対に、人との交わりを避けて<br>危険を顧みず戦いに赴くクロユリを常に気にかけていた。<br>言葉こそあまり交わさないものの、腕の立つ騎士として<br>互いを認め、競い合う日々を送る二人――。<br>そんなある日、害虫の大群が街に<br>近づいているとの急報が入る――！	images/character/s/bustup_153601.png	images/synopsis/synopsisbg_3002.jpg	-240	0	100	images/ui/synopsis_button.png	
67	23080	再復刻任務　参上！闇夜に舞う花！	深い峡谷の奥、ベルガモットバレーの礎を築いた<br>天才発明家ケンザンのカラクリ屋敷跡――。<br>侵入者を防ぐためのカラクリと、害虫によって足を踏み入れる<br>ことが困難となった谷にはケンザンが研究していた<br>「生命の源泉」の力を凝縮した結晶が隠されているという。<br>「生命の結晶」は枯れた世界花の再生に役立つと言われており<br>各地の騎士団に峡谷の害虫を討伐して「生命の結晶」を回収する<br>要請が送られた――。<br>要請に応じ、峡谷を進む騎士団の背後に黄色い影が忍び寄る！	images/character/s/bustup_143801.png	images/synopsis/synopsisbg_3006.jpg	-240	0	100	images/ui/synopsis_button.png	
68	23090	再復刻任務　拳に秘める思い	哀しい過去をもつ花騎士「サザンクロス」<br>元々争いを好まない彼女だが世界花に生きる人々のため、<br>害虫と戦う日々を送っていた。<br>そんな中、因縁の相手である害虫「罪の遺物」<br>と呼ばれる害虫の討伐指令を受ける。<br>過去と決別すべく「罪の遺物」討伐のため、<br>サザンクロスは荒野に立つ。	images/character/s/bustup_133001.png	images/synopsis/synopsisbg_3005.jpg	-240	0	100	images/ui/synopsis_button.png	
69	23100	再復刻任務　星に願いを	桃源郷。そこは様々な花魁がいるスプリングガーデンの理想郷。<br>どの国家にも属さず独立して存在している最大規模の<br>歓楽街である。自警団と呼ばれる彼女ら独自の警備組織によって<br>治安が成り立っており、周囲を水路に囲まれ、出入口が<br>橋一本しか存在しない出立ちは時に要塞と呼ばれる側面もある。<br>しかし、そんな要塞も七夕となれば別となり、1日に数回しか<br>降りない橋も1日中降りているようになり、桃源郷が1年で<br>最も活発な時期となる。例年通りならお祭り騒ぎの<br>日常が繰り返されるはずだが、今年は果たしてどうだろうか…。	images/character/s/bustup_143701.png	images/synopsis/synopsisbg_3007.jpg	-240	0	100	images/ui/synopsis_button.png	
70	23110	再復刻任務　大討伐作戦に参加せよ	スプリングガーデン各地で害虫が異常発生し、<br>国家規模の対応が必要と断じられるのに時間はかからなかった。<br>立案された大規模な害虫討伐作戦の内容は、<br>各国出身者で固めた主力本隊を中心に、<br>混成騎士団が遊撃部隊として援護に回るというもの。<br>その遊撃部隊に、花騎士カラーの同伴が命じられる。<br>花騎士たちの才能を見抜き、導くことに長けた彼女とともに、<br>騎士団はこの戦況を覆すことができるのだろうか――。	images/character/s/bustup_153401.png	images/synopsis/synopsisbg_3005.jpg	-240	0	100	images/ui/synopsis_button.png	
71	23130	再復刻任務　真夏にきらめく一滴の想い	青い空、広い海――<br>季節は夏、陽光にきらめくバナナオーシャンのビーチは<br>海水浴に訪れる人々で賑わい大盛況！<br>浜辺の警備に派遣されたディプラデニアも<br>多くの出会いを楽しんでいた。<br>そんなある日、彼女は新たな騎士団が<br>やって来ることを耳にする。<br>「ふふ、どんな男なのかしら――」	images/character/s/bustup_125001.png	images/synopsis/synopsisbg_3008.jpg	-240	0	100	images/ui/synopsis_button.png	
72	23140	再復刻任務  天華祭レストインフラワー	夏――儀礼としきたりを重んじるリリィウッドにて、<br>天華祭レスト・イン・フラワーの開催が決定された。<br>戦いの中で散っていった歴代の花騎士たちの魂を、<br>盛大な花火で迎えるという趣旨の大規模な夏祭りである。<br>花火や屋台、盆踊りなどの準備が賑やかに進められる一方、<br>何やら害虫たちの間でも祭りが催されているとの情報が……。<br>害虫勢力の偵察を任された騎士団だったが、<br>さらに花騎士オシロイバナから悩み事を持ちかけられる。<br>「す、すみません……私の爆弾、見ませんでしたか……？」	images/character/s/bustup_123901.png	images/synopsis/synopsisbg_3009.jpg	-240	0	100	images/ui/synopsis_button.png	
73	23150	再復刻任務　古洋館と白い影	スプリングガーデンの夏も終わりに近づき、<br>ブロッサムヒルの繁華街ではお化け屋敷が流行し始めていた。<br>幼い頃から本物の幽霊が見える花騎士ギンリョウソウは<br>人の輪から遠く離れてその様子を眺めていたが、<br>あるとき気になる人物を発見する。<br>それは、多くの花騎士を従える一人の騎士団長だった。<br>「――――あの人、見えてないのかな」	images/character/s/bustup_154201.png	images/synopsis/synopsisbg_3010.jpg	-240	0	100	images/ui/synopsis_button.png	
74	23160	再復刻任務　フォスの大狩猟祭	賑やかだった夏が終わり、実り豊かな秋が来る。<br>ブロッサムヒルでは「フォスの大狩猟祭」と題し、<br>春の繁華祭で選ばれたフォスの花嫁たちを筆頭に<br>花騎士総出で害虫討伐をおこなう秋の催し事が開催された。<br>主役となるフォスの花嫁たちの側付きとして抜擢されたのは、<br>輸送任務部隊の隊長アカシア……だったはずが、<br>彼女はその大役を副隊長のハリエンジュに譲り渡してしまう。<br>「まったく、アカシアめ……仕方がない。フォスの花嫁たちは、<br>　私が最高のステージに立たせてあげよう」	images/character/s/bustup_132405.png	images/synopsis/synopsisbg_3011.jpg	-240	0	100	images/ui/synopsis_button.png	
75	23170	再復刻任務　十五夜の冒険	「私、月に行きたいわ」<br>十五夜の満月を見上げながら、ルナリアは言った。<br>その一言をきっかけに、二人のいたずらウサギが走り出す。<br>「あぁ、行こうとも！<br>　夜空に浮かぶ、あの輝かしい満月まで！」<br>「でも、どうやって？」<br>「あるじゃないか、ベルガモットバレーには面白い場所が！」<br>天才発明家ケンザンのからくり屋敷跡で、一行は空飛ぶ謎の巨大<br>タケノコを見つける。その燃料は―害虫が落とす月見団子！？	images/character/s/bustup_150201.png	images/synopsis/synopsisbg_3007.jpg	-240	0	100	images/ui/synopsis_button.png	
76	23180	再復刻任務　秋空に響く応援歌	食欲の秋、運動の秋――その二つを兼ね備えた<br>花騎士競技会がベルガモットバレーで開催された。<br>手塩にかけて育てた花騎士たちを競技会に参加させる騎士団長。<br>一方、選手として、また応援係として奮闘する<br>ガイラルディアは、互い（？）をライバル視する<br>二人の花騎士と出会う。<br>「よーっし！　応援も競技会も任せて！！」	images/character/s/bustup_120803.png	images/synopsis/synopsisbg_3001.jpg	-240	0	100	images/ui/synopsis_button.png	
77	23190	再復刻任務　山と紅葉と食いしん坊	桃栗三年柿八年。<br>ベルガモットバレーに実る秋は、<br>思わず舌鼓を打つほどの名品ばかり。<br>その豊かな恵みが、害虫たちによって食い荒らされている<br>との悲報が走った。愛する焼き芋を守るため、<br>自ら討伐隊に志願したスズランノキは、<br>山中で暴食の限りを尽くす幼馴染みのモミジ（？）と出会う。<br>「いけない、モミジ！　そんなに食べたら太ってしまう！」<br>「よく見て！　そいつは偽物よ！」	images/character/s/bustup_154203.png	images/synopsis/synopsisbg_3013.jpg	-240	0	100	images/ui/synopsis_button.png	
78	13540	復刻任務　鬼退治にはチョコレート？	バレンタインの訪れが近づき、ひときわ賑わう商業都市スカネ。<br>様々なチョコレートを求めて、今年も多くの人が足を運ぶ。<br>……しかしその中には、何やら不穏な影も？<br>スカネ付近で目撃される謎の存在。<br>それは、伝承で語られる「鬼」にそっくりだという。<br>害虫以外の討伐任務など寝耳に水な騎士団一行は、<br>その「鬼」に対抗するべく、まずは伝承通りに「豆」を<br>集めることになって……？	images/character/s/bustup_139801.png	images/synopsis/synopsisbg_3053.jpg	-240	0	100	images/ui/synopsis_button.png	
79	41	一部 任務40 ティエト・ピエン島	希望は集う。南の島へ。<br>勝機の見えない戦いで、もがくような決断ばかりが迫られる。<br>あまりにも巨大な古代害虫――対抗する術は果たしてあるのか？	images/character/s/bustup_nzn_05.png	images/synopsis/synopsisbg_0036.jpg	-240	0	100	images/ui/synopsis_button.png	
80	1028	2年半突破記念　進化・開花素材ダンジョン	8月14日(月)メンテナンス開始前までの特別ダンジョン<br>進化・開花の素材を入手して花騎士を成長させましょう！	images/character/s/bustup_nzn_01.png	images/synopsis/synopsisbg_0002.jpg	-240	0	100	images/ui/synopsis_specialungeon.png	
81	13550	復刻任務　水鏡の境界の先へ	ブロッサムヒル南部に位置するジョルン湿地帯で、<br>近頃急激に害虫の出現が増えているとの報告が舞い込んだ。<br>現地へ向かった騎士団一行は、<br>そこで見知らぬ花騎士たちと出会い、告げられる。<br>「私たちの国――ロータスレイクを、助けてください」<br>数百年という長きに渡り、<br>あらゆる国との交流を閉ざしていた湖畔の世界花。<br>その沈黙が破られた理由とは、果たして……？	images/character/s/bustup_161101.png	images/synopsis/synopsisbg_3054.jpg	-240	0	100	images/ui/synopsis_button.png	
82	23200	再復刻任務　おばけカボチャの大行進	スプリングガーデンの秋が深まる。<br>古くは悪魔や悪霊を追い払う儀式として、<br>今では仮装とお菓子交換の場として行われていた催事も、<br>騎士団が害虫討伐に奔走しているうちに<br>終わりを告げてしまった……。そんな祭りの後片付けを<br>手伝っていた花騎士リンドウは、魔除けのカボチャが<br>ひとりでに飛んでゆく現象を目の当たりにする。<br>「ん？　あれがギンリョウソウの言ってたおばけなのかな？」	images/character/s/bustup_144501.png	images/synopsis/synopsisbg_3014.jpg	-240	0	100	images/ui/synopsis_button.png	
83	23210	再復刻任務　世界花に愛を込めて	世界花の恩恵は、古くからスプリングガーデンを支えている。<br>しかし害虫との戦いが日常化するにつれ、<br>その恩恵に対する人々の感謝の意識は少しずつ希薄化していた。<br>そんな中、伝統を重んじるリリィウッドでは、<br>形骸化されつつあった世界花へ感謝の気持ちを捧げる<br>祭礼の復興が決定される。この祭礼に必要となる陽光の雫を<br>集めるために選ばれた花騎士の中には、リリィウッドの<br>騎士学校を卒業したばかりの者も混じっており――	images/character/s/bustup_114801.png	images/synopsis/synopsisbg_3015.jpg	-240	0	100	images/ui/synopsis_button.png	
84	13560	復刻任務　可愛いハナには旅をさせよ	会いの季節と呼ばれる春の、少し前――。<br>騎士学校を卒業した新米花騎士たちには、<br>騎士団へと配属されるまでのこの短い期間、<br>卒業旅行と称して様々な場所へ出かける風習があった。<br>バナナオーシャンのリゾート都市プラタノは<br>中でも人気スポットだが、交流の一環として、<br>今年はロータスレイクからも新米花騎士たちが訪れるらしく、<br>騎士団一行には「この国の良いところをアピールするように！」との依頼が舞い込み……。	images/character/s/bustup_150101.png	images/synopsis/synopsisbg_3055.jpg	-240	0	100	images/ui/synopsis_button.png	
85	42	一部 任務41 港都市ヨーテホルク	あれからしばらくの時が流れた。<br>一行は数々の功績を打ち立てたことを評価され、<br>ブロッサムヒルでも有数の騎士団に成長していた。しかし……。	images/character/s/bustup_130501	images/synopsis/synopsisbg_3056.jpg	-240	0	100	images/ui/synopsis_button.png	
86	13570	復刻任務　華麗なる黄金の味覚	スプリングガーデン全土でロータスレイクとの交流が始まり、ベルガモットバレーではその大自然を活かしたキャンプが開催された。終始和やかに進む交流――しかしその裏で、花騎士イモーテルには一つの野望があった。<br>それは、ロータスレイクはもちろん、キャンプに来た全ての人に最高のカレーを提供すること。騎士団一行を巻き込み、彼女は己が力の全てをカレー作りに注ぎ込む！「甘いな、甘すぎる……見せてやろう、俺の華麗なるカレーを！！」	images/character/s/bustup_140817.png	images/synopsis/synopsisbg_3042.jpg	-240	0	100	images/ui/synopsis_button.png	
87	23220	再復刻任務　聖夜の為にベルは鳴る	スプリングガーデンに冬が来る！<br>ウィンターローズでは聖夜祭に向けた準備がすでに始まり、<br>街中の木々は美しいオーナメントで幻想的に彩られていた。<br>しかしそれが、害虫までも呼び寄せてしまうことに！？<br>輝く星飾りに惹かれて集まる害虫たちを追い払うべく、<br>得意の音楽を武器にサンダーソニアが立ち向かう！！<br><br>「じ、自信はないですけど……がんばります！」	images/character/s/bustup_122709.png	images/synopsis/synopsisbg_3057.jpg	-240	0	100	images/ui/synopsis_button.png	
88	13580	復刻任務　花見と女神の薬箱	冬が過ぎ去り春を迎えて、<br>ブロッサムヒルはお花見シーズンに突入する。<br>特に港都市ヨーテホルク近郊はロータスレイクからの輸入品もあって大賑わいとなり、<br>遠方からも多くの人々が訪れるが、<br>一方、害虫の活動もまた活発になっていた。<br>騎士団一行はエルダーフラワーたち他国の花騎士とともに、<br>花見会場の警備と害虫討伐の任務へと向かうのだが……。	images/character/s/bustup_148601.png	images/synopsis/synopsisbg_3043.jpg	-240	0	100	images/ui/synopsis_button.png	
89	43	一部 任務42 荊棘山脈	突如として現れた、闇を吹き出す不気味な害虫。<br>その原因を突き止めるべく、<br>アブラナはウィンターローズにて極秘の調査任務に挑む――。	images/character/s/bustup_130301_04.png	images/synopsis/synopsisbg_0004.jpg	-240	0	100	images/ui/synopsis_button.png	
90	23230	再復刻任務　クリスマス・フェスタ	ツリーの準備もケーキの用意も、音楽隊の特訓もパーフェクト!<br>いよいよ到来した聖夜祭に国中が賑わい、<br>ウィンターローズの街並みはより幻想的に輝いていた。<br>一方その裏側で、花騎士ホーリーは忙しく走り回っていた。<br>あちこちでプレゼントを配り歩くことになったのだ。<br>ホーリーはすぐにみんなの人気者となるが、<br>その人気はなぜか害虫たちも惹きつけてしまい……！？<br>	images/character/s/bustup_116201.png	images/synopsis/synopsisbg_1017.jpg	-240	0	100	images/ui/synopsis_button.png	
91	23240	再復刻任務　笑う花には福来る	長いようで短かった一年も、終わりを迎えようとする――。<br>新年に向けて、宴会と神殿へのお参りが盛んに催される。<br>……ところで、とある神殿には“サイセンバコ”なる箱があり、<br>これに“何か”を奉納する風習があるらしいのだが――。<br>「知ってる知ってる、お餅でしょ！」<br>「え、カルタじゃないの？」<br>――それが一体何なのか。知らない花騎士も多いらしく、<br>新年早々一悶着が起きそうで……？<br>	images/character/s/bustup_156303.png	images/synopsis/synopsisbg_1019.jpg	-240	0	100	images/ui/synopsis_button.png	
92	13590	復刻任務　イースターと語らいの灯火	お菓子の入った鮮やかな卵と、それを配るバニーガールのお出迎え――。ロータスレイク水上都市にて、イースターのお祭りが開催されることになった。<br>各国から多くの人々が集まり賑やかに親睦が深められてゆく一方で、楽しいおしゃべりが大好きな花騎士マネッチアは、<br>卵を狙う害虫たちの噂にいてもたってもいられなくなり……。<br>「害虫の話は聞きたくないの……ぜーんぶ、マネッチアが燃やしちゃいますね」	images/character/s/bustup_114701.png	images/synopsis/synopsisbg_3058.jpg	-240	0	100	images/ui/synopsis_button.png	
93	13600	復刻任務　祀られる花の眠り姫	開国して以来、他国と積極的に交流してきた<br>ロータスレイクは、水中都市で開催する<br>「花祭り」にも多く人を受け入れることにした。<br>この祭りは世界花の誕生を祝うという<br>主旨で行われるものであり、騎士団一行は<br>その手伝いと警備の協力で向かうことになるのだが、<br>同行するのは一癖も二癖もある花騎士たちであり……！？	images/character/s/bustup_151803.png	images/synopsis/synopsisbg_3059.jpg	-240	0	100	images/ui/synopsis_button.png	
94	44	一部 任務43 賢人エダの秘密書庫	古の怪物ナイドホグル復活の予兆を受け、<br>秘密裏に、しかし確実に、スプリングガーデン各国が動き出す。<br>情報収集部隊のギンランは、<br>元老院の古い図書館を探り始め……。	images/character/s/bustup_152801_02.png	images/synopsis/synopsisbg_0080.jpg	-240	0	100	images/ui/synopsis_button.png	
95	10169	特命任務　強化精霊の大召喚（赤・青）	強化に必要な強化霊マニュ赤・青を入手して<br>花騎士を強化しましょう！<br><br>「強化精霊召喚キー」はイベントのステージの勲章報酬、<br>絆水晶との交換等で入手することができます。<br>※召喚したダンジョンに制限時間はありません。	images/character/s/bustup_nzn_01.png	images/synopsis/synopsisbg_0002.jpg	-240	0	100	images/ui/synopsis_specialungeon.png	
96	10170	特命任務　強化精霊の大召喚（黄・紫）	強化に必要な強化霊マニュ黄・紫を入手して<br>花騎士を強化しましょう！<br><br>「強化精霊召喚キー」はイベントのステージの勲章報酬、<br>絆水晶との交換等で入手することができます。<br>※召喚したダンジョンに制限時間はありません。	images/character/s/bustup_nzn_01.png	images/synopsis/synopsisbg_0002.jpg	-240	0	100	images/ui/synopsis_specialungeon.png	
97	13610	復刻任務　監獄島の呼び声	イル・ド・パラディソス――<br>かつて楽園と呼ばれていたその島は、<br>過去に凄惨な事件が起きて以来、<br>わずかに住んでいた人の姿も消えてしまった。<br>激しい嵐に覆い隠されていることもあり、<br>今では知る者もほとんどいないが、<br>その嵐が数年に一度晴れるとき、<br>因縁の敵との決着をつけに向かう花騎士たちがいた。<br>すべては、あの日の悲劇を乗り越えるために……。	images/character/s/bustup_112905.png	images/synopsis/synopsisbg_3060.jpg	-240	0	100	images/ui/synopsis_button.png	
98	23250	再復刻任務　目指せ！ 一流の花騎士	千年以上に渡る害虫との戦いでは、常に戦力が必要とされる――<br>とはいえ、未熟な騎士ではいたずらに命を散らすばかり。<br>そこでブロッサムヒルには十分な戦力を見極めるため、<br>害虫の討伐を通じて一人前の花騎士とみなす通過儀礼があった。<br>この年、フクジュソウは儀礼の監督役を任されたものの、<br>目立ちたがりな花騎士の姿も多く……。<br>「皆の者、わしに続くのじゃ！」「ま、待ってください師匠～」<br>……彼女は無事に儀礼を終わらせることができるのだろうか？<br>	images/character/s/bustup_132905.png	images/synopsis/synopsisbg_1011.jpg	-240	0	100	images/ui/synopsis_button.png	
99	13620	復刻任務　走れ！　スカネの大交流戦	ブロッサムヒルの商業都市・スカネに花騎士たちが集う！<br>国家の垣根を超えて運動能力を競い合う一大イベント、<br>通称”スカネ・ランブル”に参戦するためだ。<br>今年の種目は、広大なフィールドを用いた障害物走。<br>……が、そこに害虫が乱入。会場は混乱に陥るが、ただ一人、<br>害虫マニアの花騎士・コマチソウだけは目を輝かせる。<br>「うわぁ、素敵な標本になりそう！　解体したいな～♪ 」	images/character/s/bustup_131801.png	images/synopsis/synopsisbg_3061.jpg	-240	0	100	images/ui/synopsis_button.png	
100	45	一部 任務44 忘我幽谷	バナナオーシャンからクジラ艇が飛び立つ。<br>向かう先は風谷の世界花――ベルガモットバレー。<br>来たるべき決戦を前に、ワレモコウへ下された任務とは……？	images/character/s/bustup_141701_03.png	images/synopsis/synopsisbg_0013.jpg	-240	0	100	images/ui/synopsis_button.png	
101	23260	再復刻任務　栄華祭グランデ・フルール	長い伝統と歴史を誇るリリィウッドを中心に、<br>“世界花に選ばれた花騎士を決定する”年に一度の栄華祭<br>グランデ・フルールが開催される！<br>祭典では、人々がそれぞれ相応しいと思う花騎士に投票し、<br>特に多くの支持を得た花騎士は“世界花の巫女”と呼ばれ、<br>神聖な儀式を執り行う名誉を与えられることに――。<br>果たして今年の“世界花の巫女”に選ばれるのは誰なのか！？<br>そして、花騎士レインリリーを待ち受けているものとは……？	images/character/s/bustup_122003.png	images/synopsis/synopsisbg_1002.jpg	-240	0	100	images/ui/synopsis_button.png	
102	23270	再復刻任務　バレンタイン・ナイト	大切な人へ、想いを伝えるため――。<br>バレンタインの訪れに街中がそわそわしはじめる中、<br>ラナンキュラスから騎士団に妙な依頼が舞い込んだ。<br>それは「巨大なチョコレートを作りたい！」というもの。<br>それぞれの理由で集まった花騎士たちとともに<br>巨大チョコ作りを手伝う一行だが、<br>当然、そんなものを害虫たちが見過ごすわけもなく……。	images/character/s/bustup_132907.png	images/synopsis/synopsisbg_1021.jpg	-240	0	100	images/ui/synopsis_button.png	
103	13630	復刻任務　花嫁の原石を探して	スカネでの交流戦が落ち着いた頃、<br>リリィウッド東部のエダ商業地区にて、<br>ジューンブライドをテーマとした<br>お祭りが開催されるとの報が走り、<br>「最も花嫁らしい花騎士を主役にする」<br>という主旨を聞いた花騎士たちが続々と集まる！！<br>――しかしお祭り当日、<br>主役に贈呈する予定だった記念の指輪が、<br>なんと何者かに奪われてしまったらしく……！？	images/character/s/bustup_114703.png	images/synopsis/synopsisbg_3062.jpg	-240	0	100	images/ui/synopsis_button.png	
104	13640	復刻任務　天まで届く願い事	短冊に願い事を書いて笹に飾ると、<br>その願いが叶うという七夕の夜。<br>今年も賑やかなお祭りが開かれる中、<br>騎士団一行のもとへ一つの依頼が舞い込んだ。<br>――天の河に一番近い笹に、この短冊を飾ってください――<br>一行が向かうは、ベルガモットバレーでも急峻極まりない<br>難所・ウカガミの谷。果たして、<br>最も高い場所にある笹を見つけることはできるのだろうか？	images/character/s/bustup_154403.png	images/synopsis/synopsisbg_3063.jpg	-240	0	100	images/ui/synopsis_button.png	
105	13650	復刻任務　三日月の島と真夏の太陽	バナナオーシャン諸島群の一つ、ティーリ島。<br>少し変わった歴史のあるこの地は、<br>リゾートアイランドとして親しまれており、<br>休暇で遊びに来る花騎士も多く、<br>今夏も様々なイベントが催されていた。<br>しかし、中には何故か浮かない表情の花騎士も……？<br>島の盛り上げを任されていたギンバイソウは、<br>その悩みを解決しようと歩み寄る。<br>「ハサミとノリでなんでも解決っ♪　どーんと任せてねっ♪」	images/character/s/bustup_127601.png	images/synopsis/synopsisbg_3064.jpg	-240	0	100	images/ui/synopsis_button.png	
106	46	一部 任務45 氷結湖監視地点	久方ぶりに集結した騎士団一行。<br>再会を喜ぶ暇もなく、フヴァの氷結湖に眠る古の怪物へ向けて、<br>ベルガモットバレーからクジラ艇が出撃する――。	images/character/s/bustup_112905.png	images/synopsis/synopsisbg_0004.jpg	-240	0	100	images/ui/synopsis_button.png	
107	23280	再復刻任務　花の都のお姫様	ひな祭り――それは、女の子の健やかな成長を祈る行事。<br>ブロッサムヒルではこれを大々的に執り行い、<br>他国からも多くの観光客を集めていたが、<br>冬眠から目覚めた害虫たちの襲来によって<br>一時中断の憂き目に遭ってしまう。<br>花や人形を飾り、菱餅や雛あられを供え、<br>白酒や寿司の飲食を楽しむ――。<br>そんなひな祭りを無事に再開するため、<br>プリムラをはじめとした花騎士たちが奔走することに――。	images/character/s/bustup_110901.png	images/synopsis/synopsisbg_3065.jpg	-240	0	100	images/ui/synopsis_button.png	
108	13660	復刻任務　ひと夏の海の調査記録	夏――長きに渡る閉鎖状態を解除したロータスレイクは、<br>有志の騎士団へ船の貸し出しを奨励し、<br>近辺海域の合同調査を開始した。<br>珍しいものや有益な情報を<br>手に入れた者には報酬が出るとのことで、<br>本国所属のトリトニア調査隊は<br>遅れを取るまいと気合いを入れる。<br>そして、誰も知らない未開の島を発見し、<br>調査のために足を踏み入れるのだが……。	images/character/s/bustup_111907.png	images/synopsis/synopsisbg_3066.jpg	-240	0	100	images/ui/synopsis_button.png	
109	47	一部 任務46 監獄島	ナイドホグル攻略のため、<br>ダインの封印秘術が眠る監獄島を目指す一行。<br>だがその孤島は数年に一度しか晴れない嵐に覆われていて……。	images/character/s/bustup_120811_02.png	images/synopsis/synopsisbg_0081.jpg	-240	0	100	images/ui/synopsis_button.png	
110	23290	再復刻任務　春風に舞う騎士の門出	冬が去りゆき、春がやって来る頃。<br>各国の騎士学校では卒業式が執り行われていた。<br>新天地への旅立ちを祝福され、卒業証書を授与された少女たちは<br>一人前の花騎士になる決意を新たにする。<br>――そんな華やかな行事にも、<br>害虫の脅威は容赦なく襲い来るのだった。<br>若芽を摘むかのように、新米花騎士たちを狙う害虫。<br>騒ぎを聞きつけた騎士団一行は、平和と新米花騎士たちのため、<br>害虫討伐と卒業証書の奪還へ向かうことに――。	images/character/s/bustup_110803.png	images/synopsis/synopsisbg_3067.jpg	-240	0	100	images/ui/synopsis_button.png	
111	23300	再復刻任務　桜戦線は突然に	春爛漫の季節を迎え、一際色づくブロッサムヒル。<br>国土中央に広がる花園は多くの客で賑わい、<br>騎士団一行は会場の警備にあたっていた。<br>花見客の中には、料理を振る舞う花騎士ヨモギの姿もあったが、<br>害虫が花園を荒らし回っているらしいとの噂を聞き、<br>警備の任務に志願する――。	images/character/s/bustup_140811.png	images/synopsis/synopsisbg_3068.jpg	-240	0	100	images/ui/synopsis_button.png	
112	13670	復刻任務　忍びと迷子と祭り花火	毎年恒例リリィウッドの夏祭り、天華祭。<br>ロータスレイクが国を開いたことや<br>一部元老院の活発な動きもあり、<br>他国からの出店にも許可を出すなど、<br>例年以上の賑わいを見せていた。<br>そんな行事の最後を飾るのは、<br>歴代花騎士たちの魂を迎えるための盛大な花火――。<br>人々が安心して行事を楽しめるよう、<br>騎士団一行は警備任務に向かう。	images/character/s/bustup_128101.png	images/synopsis/synopsisbg_3069.jpg	-240	0	100	images/ui/synopsis_button.png	
113	13680	復刻任務　鬼教官と補習授業	害虫の脅威に対抗するかのように、<br>様々な行事が過ぎ去っていった夏。楽しかった夏休み……<br>などというものは騎士団にはなかったものの、<br>短くはない休みの明けた騎士学校には、<br>ちょっぴりたるんだ空気が蔓延していた。<br>そんな生徒たちの気を引き締めるため、<br>リリィウッド騎士学校は補習授業を執り行い、<br>騎士団一行のほか、「伝説の鬼教官」と<br>恐れられる花騎士も呼ばれることになって……！？	images/character/s/bustup_160701.png	images/synopsis/synopsisbg_3070.jpg	-240	0	100	images/ui/synopsis_button.png	
114	48	一部 任務47　白き悪魔	世界各地からウィンターローズへ、花騎士が集う。<br>呼応するかのように勢いを増す、ナイドホグルの眷属。<br>果ての見えない闘争、そこに差し込む一筋の希望とは……？	images/character/s/bustup_121201_03.png	images/synopsis/synopsisbg_0082.jpg	-240	0	100	images/ui/synopsis_button.png	
115	13690	復刻任務　輝ける光華の姫君	次第に秋が近づく頃、バナナオーシャンで<br>一際大きな祭りが開催される。それは先日の光華祭で選ばれた<br>花騎士たちを「光華の姫君」と祭り上げ、彼女たちと一緒に、<br>夏の終わりを歌や踊りで締めくくるという趣旨のものだった。<br>突然の大舞台に戸惑いを隠せない光華の姫君たちだったが、<br>愛し、信じ、勇気をくれる人々の期待に応えるべく、<br>祭りの成功を誓い合う。一方騎士団一行は、そんな彼女たちが<br>夜のステージでも輝けるよう、この国で年に一日だけ実るという<br>特別なバナナの緊急収穫に奔走する――。	images/character/s/bustup_164401.png	images/synopsis/synopsisbg_4068.jpg	-240	0	100	images/ui/synopsis_button.png	
116	23310	再復刻任務　春めくスカネの古書祭り	人と物が行き交う商業都市スカネでは、季節の節目になると、<br>新生活のスタートを切る人々に向けて<br>大々的な「古書祭り」が開かれる。<br>旅好きの花騎士ラッセリアもまた<br>この祭りに興味を持って訪れるのだが、<br>各地から書物を運んでくる商隊が何故か到着しておらず、<br>祭りの市場はがらがらの状態だった。<br>春の古書祭りを無事に開催するため、<br>ラッセリアは騎士団の協力を得て調査へ乗り出すことに。<br>	images/character/s/bustup_144403.png	images/synopsis/synopsisbg_3072.jpg	-240	0	100	images/ui/synopsis_button.png	
117	49	一部 任務48　神蟲迷宮	なおも抵抗するナイドホグルを沈静化させるべく、<br>クジラ艇に乗りその体内への侵入を試みる一行。<br>神と見紛うその存在の中に、果たして何を見るのだろうか――。	images/character/s/bustup_142003.png	images/synopsis/synopsisbg_0083.jpg	-240	0	100	images/ui/synopsis_button.png	
118	13700	復刻任務　過去と未来の自叙伝	騎士学校に通う生徒に読ませるため、<br>最前線で戦う者たちに自叙伝を書かせよ。<br>――そんな少し変わった任務が騎士団へ舞い込む。<br>花騎士たちはブロッサムヒルで害虫と戦う傍ら、<br>過去と向き合い、未来への想いを紡ぐのだが……？	images/character/s/bustup_132005.png	images/synopsis/synopsisbg_4069.jpg	-240	0	100	images/ui/synopsis_button.png	
119	23320	再復刻任務　クジラが空を泳いだ日	日頃の活躍を認められ、季節外れのバカンスに<br>バナナオーシャンを訪れる騎士団一行。<br>そこには同じく休暇を過ごす花騎士たちの姿があったものの、<br>彼女たちはエネルギーを持て余し、<br>遊泳禁止区域の砂浜にまで遊びに出掛けていた。<br>そんな彼女たちを追いかけると――<br>南西の空に“クジラ”が浮かんでいる光景を目撃する。<br>あれは何なのか。どうして空に浮いているのか――。<br>尽きない謎を解き明かすため、一行はエムオン島へと向かう。<br>	images/character/s/bustup_154205.png	images/synopsis/synopsisbg_3008.jpg	-240	0	100	images/ui/synopsis_button.png	
120	23330	再復刻任務　東奔西走スタンプラリー	クジラ艇の完成を記念して、スタンプラリーが開催される！<br>花騎士にも開かれているこのイベントは話題を呼び、<br>クジラ型飛行船を利用して<br>スプリングガーデン各地を旅行する人が増えつつあった。<br>美貌の花騎士ベラドンナもまたこのイベントに参加するが、<br>一方、何やら浮かない表情の花騎士たちもいるらしく……？<br>	images/character/s/bustup_125603.png	images/synopsis/synopsisbg_3011.jpg	-240	0	100	images/ui/synopsis_button.png	
121	13710	復刻任務　癒しと波乱の温泉街	日々の疲れを癒やすため、騎士団一行は慰安旅行を計画する。<br>するとベルガモットバレーの<br>辺境・桃源郷から歓迎の連絡があった。<br>しかし、そこは国の統治が行き届かない自治区であり、<br>外部との接触にも、積極的ではなかったはず……。<br>戸惑いながらも誘いを受けた一行だが、<br>そこで待っていたのは――。	images/character/s/bustup_110303.png	images/synopsis/synopsisbg_4070.jpg	-240	0	100	images/ui/synopsis_button.png	
122	13720	復刻任務　ガラス館の怪事件	騎士団一行への労いと、<br>ロータスレイクの花騎士たちとの交流を兼ね、<br>清心の丘にある街の館で親睦会が企画された。<br>そこで希少な高級食材を使ってケーキを<br>作ろうとしたナズナだが届いていたのは高級食材ではなく、<br>怪盗からの挑戦状だった。しかし、交流会に訪れていた探偵は、<br>真犯人は怪盗ではないと告げる。果たして真犯人は誰なのか、<br>そして高級食材はどこに消えたのか……！？	images/character/s/bustup_137801.png	images/synopsis/synopsisbg_4071.jpg	-240	0	100	images/ui/synopsis_button.png	
123	13730	復刻任務　夜の森の優しい魔法	秋深まるリリィウッドで仮装とお菓子の祭りが催されることに。<br>その祭りの警備に、騎士団一行が派遣された。<br>しかし、街や森には謎の黒いかぼちゃが次々現れ、<br>怪現象を引き起こして様々なトラブルを発生させてしまう。<br>祭りを楽しみにしていたロータスレイクの花騎士ヤマゴーヤは、<br>他の花騎士たちと協力しかぼちゃを作った犯人探しに奔走する。<br>	images/character/s/bustup_164001.png	images/synopsis/synopsisbg_4072.jpg	-370	0	100	images/ui/synopsis_button.png	
124	23340	再復刻任務　静かな湖上の境界線	ブロッサムヒル南部の国境線に接するジョルン湿地帯。<br>近隣の商業都市から眺望できる景色が有名なこの地で、<br>不穏に蠢く謎の影が目撃された。害虫ならば見過ごせないが、<br>そこは隣国ロータスレイクとの境界線上――。<br>花騎士アリッサムを擁する調査隊と合流し、<br>騎士団一行は慎重に湿地帯を進んでゆく。<br>「わぁ、すごい。これが海なんですね！」<br>「いいえ、ここは湖です」	images/character/s/bustup_110301.png	images/synopsis/synopsisbg_3034.jpg	-240	0	100	images/ui/synopsis_button.png	
125	50	一部 任務49　平和の祭典会場	ナイドホグルを封印し、世界にささやかな平穏が訪れる。<br>大きな区切りのひとつとして、ウィンターローズでは<br>花騎士を中心に平和を祝う祭典が開かれるのだが……。	images/character/s/bustup_112819.png	images/synopsis/synopsisbg_0084.jpg	-240	0	100	images/ui/synopsis_button.png	
126	13740	復刻任務　荒野に花を	スプリングガーデン最西端「コダイバナ」。<br>害虫の総本山と恐れられるその地で、ひとつの計画が進行する。<br>それは、枯れた大地に緑を芽吹かせようとするもの――。<br>現地に向かった騎士団一行は、<br>様々な国から集まった花騎士たちとともに、<br>害虫の脅威を排除しながら<br>「生命の苗木」を育てることになるのだが……。	images/character/s/bustup_161105.png	images/synopsis/synopsisbg_4073.jpg	-240	0	100	images/ui/synopsis_button.png	
127	23350	再復刻任務　雨降る森のざぁざぁざぁ	リリィウッドでは雨が降り続いて困っていた。<br>そのせいで家屋に被害が出ているところもあるようだ。<br>一行はリリィウッドに古くから伝わる儀式を執り行うために<br>必要なアイテムを集めにいくことに。<br>その際に害虫被害の話を耳にしてついでに倒しにいくことに。	images/character/s/bustup_144301.png	images/synopsis/synopsisbg_4074.jpg	-240	0	100	images/ui/synopsis_button.png	
128	23360	再復刻任務　海と花嫁と伝説のブーケ	ときに晴れ間は見せるものの、<br>まだまだスプリングガーデンでは雨の時期が続いていた。<br>そんな湿っぽい空気を打破しようと、<br>バナナオーシャンのリゾート都市プラタノにて、<br>ジューンブライドをテーマとしたお祭りが開催される。<br>一部の花騎士たちが団長をめぐって熾烈な争いを繰り広げる中、<br>一行は浜辺に打ち上げられていた海賊ガザニアを発見し、<br>介抱するが、彼女が握る宝の地図に記されていたのは、<br>永遠の愛が手に入るという「伝説のブーケ」で……！？	images/character/s/bustup_120807.png	images/synopsis/synopsisbg_3055.jpg	-240	0	100	images/ui/synopsis_button.png	
129	13750	復刻任務　波乗れ！常夏クリスマス！	常夏なバナナオーシャンでのクリスマスは、<br>静かでもなく荘厳でもない。それは昼間から堂々と行われる、<br>極彩色の強い一大イベントだ。<br>当然どこもかしこも忙しく、常に人手は足りていない。<br>そんな中、少人数で警備に当たることになった騎士団に、<br>休暇中の花騎士たちがサンタ衣装で手伝いに駆けつける。<br>リゾート地ティーリ島を舞台に、<br>花騎士たちはサンタとなる……？	images/character/s/bustup_140821.png	images/synopsis/synopsisbg_3074.jpg	-240	0	100	images/ui/synopsis_button.png	
130	13760	復刻任務　聖なる夜にご馳走を	ウィンターローズの聖夜祭。今年は国を挙げて<br>チャリティークリスマスイベントが行われる事になった。<br>手伝いに訪れた花騎士たちは、<br>イベント内で開店するレストランを担当することに。<br>そして、皆が喜ぶ料理を作ろうと奮闘するのだが……！？	images/character/s/bustup_145501.png	images/synopsis/synopsisbg_3075.jpg	-240	0	100	images/ui/synopsis_button.png	
131	13770	復刻任務 あなたのソバで年越しを	今年最後の討伐任務をウィンターローズで終えた騎士団一行は、<br>過去に多くの騎士団が霊峰で参拝している事を知り、<br>霊峰山頂での年越しを計画する。<br>温かいそばや雑煮を準備し、登山の準備をしている最中に、<br>用意していた食材を害虫に盗まれてしまう。<br>温かい食事を取り戻し、<br>初日の出を迎えることができるのか……！？	images/character/s/bustup_141903.png	images/synopsis/synopsisbg_3076.jpg	-240	0	100	images/ui/synopsis_button.png	
132	23370	再復刻任務　華やぐ天の河を越えて	満天の星がきらめく夜、<br>ベルガモットバレーで開かれた七夕祭りは大盛況を見せていた。<br>花騎士ヒメリュウキンカもまたこのお祭りに参加していたが、<br>ひょんなことから害虫に襲われ、<br>憧れのバンテイシに怪我を負わせてしまう。<br>「このドジな性格をなんとかしたい」<br>――願うだけでは叶わないと気付いた彼女は、<br>願い事の短冊をそっと隠し、<br>自らの力で叶えるために走り出す……。<br>	images/character/s/bustup_132909.png	images/synopsis/synopsisbg_4075.jpg	-240	0	100	images/ui/synopsis_button.png	
133	13790	復刻任務　激闘！白熱の雪合戦	ウィンターローズで雪祭りが開催された。<br>祭りのなかでも、同時開催の雪合戦大会は、<br>毎年多くの人々が参加、観戦に訪れる目玉行事だ。<br>雪合戦が大得意な花騎士・ビバーナムは、<br>大会で優勝すべく、他の花騎士たちとチームを組む。<br>しかし立ちはだかるのは、一筋縄ではいかない強敵たち。<br>雪の合戦場を制するのは果たして……！？	images/character/s/bustup_160015.png	images/synopsis/synopsisbg_3077.jpg	-240	0	100	images/ui/synopsis_button.png	
134	13800	復刻任務　才華祭ノーブル・グレイス	風谷の世界花ベルガモットバレーにて、「最も優れた花騎士」を<br>決める才華祭ノーブル・グレイスが開催される！<br>花騎士が各々の優れた才能を披露し、人々が思い思いに投票する<br>この祭りは、かつては伝統行事だったものの、<br>いつの間にか忘れ去られていたのだが……。<br>今回の主催者は、それまで人前に姿を晒すことのなかった<br>女王シュウメイギク。彼女が才華祭を開催した理由、そして、<br>従者コリウスの願いとは……？	images/character/s/bustup_141109.png	images/synopsis/synopsisbg_4078.jpg	-240	0	100	images/ui/synopsis_button.png	
135	23380	再復刻任務　渚のサマーバケーション	観光客でどっと賑わう夏のバナナオーシャン。<br>今年はボートレースの大会が開かれるということもあり、<br>より害虫対策の警備が強化され、<br>騎士団一行も招集される運びとなった。<br>――が、一行のもとには警備と関係ない依頼が次々と舞い込む。<br>さらに現地の協力者プルメリアは、<br>そんな依頼をすべて引き受けると言い出して……！？<br>	images/character/s/bustup_125003.png	images/synopsis/synopsisbg_3055.jpg	-240	0	100	images/ui/synopsis_button.png	
136	23390	再復刻任務　海に咲く青い悪魔	誰もが夏を楽しみに訪れるバナナオーシャン。<br>その諸島の一角に、見慣れぬ船――<br>海賊船が停泊しているとの報告が届く。<br>依頼を受けて調査に向かった騎士団一行は、しかし、<br>花騎士でもある海賊船の船長に何故か気に入られてしまい、<br>高名な魔女が遺したという秘宝を一緒に探すことになり……。<br>	images/character/s/bustup_110501.png	images/synopsis/synopsisbg_3078.jpg	-240	0	100	images/ui/synopsis_button.png	
137	13810	復刻任務　波打ち際のショコラフェス	バレンタインが近づき、<br>チョコの匂いが街中に漂うバナナオーシャンで、<br>合同訓練という名のバレンタインチョコ大会が<br>開催されることになった。<br>それぞれの思惑を抱えて参加する花騎士たち。<br>しかし大会中、用意されたチョコが盗まれる事件が発生。<br>さらには謎の巨大チョコバナナの目撃情報まで寄せられる。<br>花騎士たちは無事にチョコを取り戻し、<br>完成させられるのか……！？	images/character/s/bustup_163501.png	images/synopsis/synopsisbg_4079.jpg	-240	0	100	images/ui/synopsis_button.png	
138	13820	復刻任務　千の足のナイドホグル	緊急招集、緊急招集。<br>ウィンターローズ氷結湖にて超巨大生命体の活発化を確認。<br>対象は古の怪物ナイドホグル。<br>その全長はウィンターローズ国土を縦断すると推定。<br>現在、超高温の体熱で氷結湖を溶かしながら<br>手下の害虫を無数に生み出し続けている。<br>一つでも多くの騎士団、一人でも多くの花騎士の協力を求む。<br>繰り返す、<br>緊急招集、緊急招集、緊急招集、緊急招集……………………。	images/character/s/bustup_168501.png	images/synopsis/synopsisbg_4080.jpg	-240	0	100	images/ui/synopsis_button.png	
139	23400	再復刻任務　深い森の納涼祭	まだまだ終わらない、スプリングガーデンの夏――。<br>歴代花騎士たちの魂を盛大な花火で迎える<br>リリィウッドの夏祭り、天華祭。<br>花火の他にも多種多様な屋台、<br>盆踊りなどで賑わいを見せるその会場へ、<br>騎士団一行は休暇を利用してやって来た。<br>……はずだったのだが、予想以上に周辺の害虫が<br>活発化しているとの報告を受け、警備にあたっていた<br>花騎士クレマチスと協力し、その原因を突き止めに行くことに。	images/character/s/bustup_142901.png	images/synopsis/synopsisbg_3009.jpg	-240	0	100	images/ui/synopsis_button.png	
140	13830	復刻任務　お返しスイーツ大作戦	ウィンターローズでの騒動も収束する頃、<br>バレンタインの返礼シーズンが迫ってきていた。<br>お返しのお菓子を渡すという風習は<br>騎士団界隈にも知れ渡っていたのだが、<br>先日の緊急任務により、<br>準備が間に合っていない騎士団も多いようだ……。<br>そんな中、花騎士コムギは<br>とある作戦を実行に移していて……！？	images/character/s/bustup_132409.png	images/synopsis/synopsisbg_4081.jpg	-240	0	100	images/ui/synopsis_button.png	
141	13840	復刻任務　打って蹴って！大競技会	花騎士たちの運動能力を競い合う祭典である競技会が、<br>常夏の国、バナナオーシャンで開催決定！<br>様々な種目を取りそろえ、パワーアップした競技会に<br>各国の花騎士たちが優勝を目指して挑む。<br>しかしそんな中、参加賞の記念のメダルが盗まれてしまい……！？	images/character/s/bustup_130807.png	images/synopsis/synopsisbg_4082.jpg	-240	0	100	images/ui/synopsis_button.png	
142	23410	再復刻任務　ガルデに潜む亡霊	ブロッサムヒル北部、ガルデ地方。<br>ウィンターローズとの国境が近いこともあり、<br>害虫との激しい戦いが長く続いている。<br>そんな地域で連日、戦死者の霊が現れて<br>危害を加えてくるとの報告が相次いでいた。<br>調査に向かった騎士団一行は、<br>肝試し中の花騎士ウキツリボクたちと遭遇する――。<br>「ハッキリしないことって、嫌いなんだ。<br>　　　　だから……幽霊なんかいないって、証明しなくちゃ」	images/character/s/bustup_140101.png	images/synopsis/synopsisbg_3079.jpg	-240	0	100	images/ui/synopsis_button.png	
143	23420	再復刻任務　色づく世界花の巫女	夏祭りを終えたリリィウッドでは、<br>グランデ・フルールで選ばれた花騎士たちを筆頭に、<br>世界花へ祈りを捧げる神聖な儀式が執り行われようとしていた。<br>一人は厭世家を気取りながら、内に情熱を秘めた魔法使い――。<br>一人は儚い希望を胸に、信じられる人を待ち続ける騎士――。<br>一人は純情可憐で、ときに勇敢かつ大胆になる剣術家――。<br>三者三様な世界花の巫女。儀式を見に訪れた花騎士エウカリスは<br>その最中、森の外れに現れたという<br>害虫の討伐に駆けつけるのだが……。	images/character/s/bustup_112003.png	images/synopsis/synopsisbg_3080.jpg	-240	0	100	images/ui/synopsis_button.png	
144	200	二部 任務1　調査、風谷への道	スプリングガーデンの平穏を脅かす、謎の異変が現れた。<br>その正体を探るべく、騎士団一行は新たな仲間を迎え、<br>ベルガモットバレー、ウカガミの谷へ足を踏み入れる……。	images/character/s/bustup_149901.png	images/synopsis/synopsisbg_0013.jpg	-240	0	100	images/ui/synopsis_button.png	
145	13850	復刻任務　お花見、様子見、一休み！	春の訪れに浮かれ賑わうブロッサムヒルでは、<br>たくさんの人々が休暇を取り、それぞれ花見を楽しんでいた。<br>そんな花見の会場警備を担当することになった騎士団一行に、<br>突如、リリィウッドからお忍びで視察にやってきた<br>元老院の議員を護衛するようにとの依頼が舞い込んでくる。<br>王族でもある彼女の目的とは、一体何なのだろうか……？	images/character/s/bustup_165001.png	images/synopsis/synopsisbg_4083.jpg	-240	0	100	images/ui/synopsis_button.png	
146	23430	再復刻任務　十五夜と一夜物語	夜空に浮かび、煌々と輝く満月――。<br>お月見の季節がやってきて、<br>行事の準備にとりかかるツユクサは、<br>ある夜、草原に巨大なウサギの姿を見つける。<br>……しかしそれはウサギではなく、<br>ウサギの耳を生やした害虫だった。<br>奇妙極まりないその存在の発見報告は次々と上がり、<br>どうもその原因は、<br>月見団子にあるのではないかと噂され始めて……？<br>	images/character/s/bustup_158001.png	images/synopsis/synopsisbg_3081.jpg	-240	0	100	images/ui/synopsis_button.png	
147	13860	復刻任務　輝く卵とエッグハンター	色鮮やかな卵とバニーガールの祭典、イースターのお祭りが、<br>ロータスレイクの水中都市で行われることに。<br>華やかな街並みの中、豪華賞品が入った卵を探す<br>「エッグハント」なるゲームが開催され、<br>お祭りを楽しみに訪れた花騎士テッポウユリも参加するが、<br>卵を狙った泥棒が現れ、<br>それどころではなくなってしまい……！？	images/character/s/bustup_152719.png	images/synopsis/synopsisbg_4084.jpg	-240	0	100	images/ui/synopsis_button.png	
148	13870	復刻任務　女王様は忙しい！	ロータスレイク水中都市女王ハス。<br>長年閉ざされてきた国の歴史を変え、<br>その後の交流にも積極的なことで知られるが、<br>ロータスレイクにはもうひとり、<br>彼女と肩を並べる重要な存在がいた。<br>その名はヒツジグサ――水上都市を治める女王である。<br>日々の務めの多忙を理由に<br>なかなか会うことがかなわなかったが、騎士団一行は今回、<br>ひょんなことから彼女に会いに行くことになり……。	images/character/s/bustup_160409.png	images/synopsis/synopsisbg_4085.jpg	-240	0	100	images/ui/synopsis_button.png	
149	201	二部 任務2　遭遇、謎の害虫	増え続ける謎の横穴と、そこから現れる害虫たち。<br>地下世界への侵入を試みる騎士団一行だが、<br>不可視の壁に阻まれてしまう。<br>解除にするには高位の魔法使いが必要、との推測の元、<br>騎士団一行はブロッサムヒルの「伝説の魔女」を訪ねるが――。	images/character/s/bustup_141101.png	images/synopsis/synopsisbg_0085.jpg	-240	0	100	images/ui/synopsis_button.png	
150	23440	再復刻任務　わがまま姫と劇作家	秋、それは芸術の季節――。<br>スプリングガーデンでも有数の役者と作家が<br>タッグを組んだ劇が公演されることとなり、<br>ブロッサムヒル中心街は数日前からおおいに賑わっていた。<br>お金持ちのお嬢様ストレリチアも、<br>そんな劇を楽しみにやって来たのだが、<br>役者たちに必要な舞台衣装の輸送が大幅に遅れていたり、<br>主役が高熱を出して寝込んだりするなど、<br>様々なトラブルに見舞われているようで……？	images/character/s/bustup_117401.png	images/synopsis/synopsisbg_3082.jpg	-240	0	100	images/ui/synopsis_button.png	
151	23450	再復刻任務　谷と紅葉と落ち葉拾い	秋が深まるにつれ、<br>多くの人がベルガモットバレーへと集まる。<br>それは、豊かに実る秋の味覚と、<br>美しく色づく景色を目的とした観光客たちだ。<br>遠くブロッサムヒルからやって来たメイゲツカエデは、<br>そんな人々を害虫の脅威から守るため、<br>警備隊の一人として張り切るが、<br>そこでは思わぬ出会いが待っており……？	images/character/s/bustup_135301.png	images/synopsis/synopsisbg_3083.jpg	-240	0	100	images/ui/synopsis_button.png	
152	13880	復刻任務　暴走！　驚天カラクリ城	宵闇迫るマフル高原に、神出鬼没の城がある。<br>朝になったら姿を消して、夜だけ見える城がある。<br>そんな噂を聞きつけて、調査に出かける騎士団一行。<br>どうやら、近隣の里の忍たちも動き出しているらしい。<br>地面に残るは巨大な轍、発条に歯車、カラクリ細工。<br>闇に紛れぬその威容、高原の夜には何が待つ……！？<br>	images/character/s/bustup_140003.png	images/synopsis/synopsisbg_4086.jpg	-240	0	100	images/ui/synopsis_button.png	
153	13890	復刻任務  雨上がりの輝石と奇跡	リリィウッドの森の奥に、虹色に光る何かがある――<br>そんな目撃証言が、近ごろ多数寄せられている。<br>騎士団一行は、その目撃された光の正体を確かめるべく、<br>森の奥へと調査に向かうこととなった。<br>雨の降りしきる森の中、虹色に光るものの正体とは……？<br>	images/character/s/bustup_121901.png	images/synopsis/synopsisbg_4087.jpg	-240	0	100	images/ui/synopsis_button.png	
154	13900	復刻任務　水底の仮面舞踏会	水中都市ロータスレイクにて開催された、華やかな仮面舞踏会。<br>各国から来賓を招き、水中都市の女王の婿探しとも噂されるが、<br>当の女王ハスは沈黙を守ったまま、詳細を語ろうとしない。<br>舞踏会の警護役として抜擢された騎士団の花騎士たちも、<br>それぞれ衣装や仮面を準備してロータスレイクへとやってくる。<br>仮面の下で、様々な思惑渦巻く舞踏会、<br>このまま終わるはずがない……？	images/character/s/bustup_161601.png	images/synopsis/synopsisbg_4088.jpg	-240	0	100	images/ui/synopsis_button.png	
155	23460	再復刻任務　魔女の友達のおかしな夜	古くは悪魔や悪霊を追い払う儀式として、<br>今では仮装とお菓子交換の場として行われる、<br>催事で盛り上がるリゾート都市プラタノ。<br>ブルーエルフィンはその楽しげな誘惑に負け、<br>魔女の会合をこっそり抜け出して街へとやってきたのだが、<br>その夜、街では奇妙な出来事が頻発し、<br>その謎を解き明かすべく奔走することになって……！？	images/character/s/bustup_115501.png	images/synopsis/synopsisbg_3084.jpg	-240	0	100	images/ui/synopsis_button.png	
156	13910	復刻任務　夏の水面に揺らめく記憶	水上都市ロータスレイクで、大規模な水上競技会が開催される。<br>過酷な障害物競泳に水上相撲<br>、陣取り合戦にスワンボートレース。<br>かねてからロータスレイクに憧れていた花騎士ビンカは、<br>この大会に積極的に参加し、まじないパワーで勝利を目指す。<br>「思い出を作りたい」「失われた過去の手がかりを見つけたい」<br>様々な望みを持った花騎士たちも加わって、<br>いよいよ大会の幕が上がる！<br>	images/character/s/bustup_135001.png	images/synopsis/synopsisbg_4089.jpg	-240	0	100	images/ui/synopsis_button.png	
157	202	二部 任務3　幻影、古代の試練	騎士団一行は、地下世界について調査するため、<br>賢人エダの秘密書庫へと向かう。<br>そこは現実と夢幻の狭間のような、不思議な世界だった……。	images/character/s/bustup_122401.png	images/synopsis/synopsisbg_0106.jpg	-240	0	100	images/ui/synopsis_button.png	
158	13920	復刻任務　「夏の水面に揺らめく記憶」	青く美しい海の向こうから、幽霊船がやってくる。<br>富と名声、恐怖と悲しみを乗せて、幽霊船がやってくる――。<br>観光客で賑わうはずのバナナオーシャンは今、<br>そんな噂でもちきりだった。<br>そこへ休暇で訪れていた騎士団一行は、<br>そんな噂の調査を依頼されることに。<br>危険と冒険大好きな花騎士・チューベローズも飛び入り参加し、<br>大海原での幽霊船捜索が始まったのだった――。	images/character/s/bustup_120001.png	images/synopsis/synopsisbg_4090.jpg	-240	0	100	images/ui/synopsis_button.png	
159	23470	再復刻任務　お茶会は海風に吹かれて	ブロッサムヒルは北東、港都市ヨーテホルク。<br>航路からもたらされる物資で賑わうこの街で、<br>花騎士ミカンは人を待っていた。<br>同じブロッサムヒルのアロゾワール地区で育ち、<br>花騎士になってからはなかなか会えなくなってしまった<br>友達とお茶会をするためだった。<br>しかし、港都市と中心街を結ぶ道中で、<br>多くの害虫が果物や食器を運ぶ行商人たちを<br>襲っているという報告が入り……！？	images/character/s/bustup_153001.png	images/synopsis/synopsisbg_4105.jpg	-240	0	100	images/ui/synopsis_button.png	
160	23480	再復刻任務　雪降る森の贈り物	冬が訪れ、<br>ウィンターローズ周辺の地域にも少しずつ雪が降り始める頃――<br>子どもたちに笑顔と幸福をプレゼントしようと、<br>リリィウッドの片隅で密かに<br>クリスマスの準備を進める花騎士たちがいた。<br>ワタチョロギもまた、<br>その噂を聞いてベルガモットバレーから手伝いに来るのだが、<br>リリィウッドでは珍しい雪の影響か、<br>何やら奇妙な報告が次々に舞い込んできて……？	images/character/s/bustup_141105.png	images/synopsis/synopsisbg_4106.jpg	-240	0	100	images/ui/synopsis_button.png	
161	13930	復刻任務　星降る夜のメッセージ	ベルガモットバレーでも、綺麗な星空で知られるマフル高原。<br>特に今夜は、数年に一度の快晴に、流星群まで重なった、<br>特別な夜だ。この最高の星空を見るための祭り、<br>大星観祭が開催されることになった。<br>その警備に呼ばれた騎士団一行は、<br>突如聞こえた謎の轟音を調べに行く。<br>するとそこには、星に向けて手紙を砲撃する花騎士<br>スイセイランの姿があった。<br>彼女の想いとは……？　ドタバタで切ない星の祭りが始まる！	images/character/s/bustup_112821.png	images/synopsis/synopsisbg_4091.jpg	-240	0	100	images/ui/synopsis_button.png	
162	13940	復刻任務　夏の灯りの慰霊祭	リリィウッドでは、<br>この時期にささやかな慰霊の式典が行われる。しかし、<br>ある場所では迷える魂が化けて出るという噂が流れていた。<br>「お化けにはお化けで対抗だ」という提案により、<br>なぜか花騎士達がお化けの仮装をすることに……。<br>小さな灯が迷える霊を慰め、悲しみを鎮めるための夏祭り。	images/character/s/bustup_130007.png	images/synopsis/synopsisbg_4092.jpg	-240	0	100	images/ui/synopsis_button.png	
163	23490	再復刻任務　クリスマス・パーティー	スプリングガーデンに刻々と近づく聖夜祭。<br>とりわけ国を挙げて賑わうのはウィンターローズであり、<br>さらにこのお祭りを盛り上げようと、<br>花騎士スキミアたちが秘密任務に暗躍する！<br>……はずだったのだが、<br>害虫の出現やお祭りの楽しげな雰囲気が原因で、<br>彼女たちのクリスマスミッションは<br>思うように進まないらしく！？	images/character/s/bustup_143001.png	images/synopsis/synopsisbg_4107.jpg	-240	0	100	images/ui/synopsis_button.png	
164	13950	復刻任務　監獄の闇に蠢くもの	バナナオーシャンから遠く南に浮かぶ孤島、監獄島。<br>かつて凄惨な事件に見舞われたこの島も、<br>ある討伐隊の活躍により攻略が進み、<br>現在では、才能ある若き花騎士たちを訓練する場として、<br>少しずつ開拓されていた。<br>だがそんなある日、一部の訓練生たちが忽然と姿を消してしまう<br>まるでこの島に棲みつく、<br>得体の知れない“何か”に連れ去られたかのように……。	images/character/s/bustup_140005.png	images/synopsis/synopsisbg_4093.jpg	-240	0	100	images/ui/synopsis_button.png	
165	13960	復刻任務　シルクロ・スペクタクル	商業都市スカネにサーカスがやってきた！<br>グーズベリーたち「シルクロ・リベス」は、<br>街から街へと渡り歩き、人々に笑顔と感動を与えるサーカス団。<br>今日も今日とて、お客様の拍手を頂戴すべく、舞台の幕を上げる<br>しかし、何やらトラブルの気配もあるようで……？<br>団員たちはお客様の笑顔のため、トラブル解決に奔走する！<br>	images/character/s/bustup_130009.png	images/synopsis/synopsisbg_4094.jpg	-240	0	100	images/ui/synopsis_button.png	
166	203	二部 任務4　危難、精霊の棲家	知識の迷宮の中、賢人エダの試練を乗り越えた一行。<br>精霊と出会い、村への誘いを受ける。<br>扉を潜り抜けた先に待つのは、楽園か、それとも……。	images/character/s/bustup_142003.png	images/synopsis/synopsisbg_0109.jpg	-240	0	100	images/ui/synopsis_button.png	
167	23500	再復刻任務　鐘つき餅つき運のツキ！？	長い長いスプリングガーデンの歴史に、<br>また一つの区切りが刻まれる。<br>世界花各地では、今年一年を締めくくり、<br>そしてまた新年を迎えるため、様々な催事が開かれていた。<br>それは気分を一新するための鐘つきであったり、<br>願掛けのための餅つきであったり、<br>次の一年の運勢を占うクジであったり……。<br>平和を何よりも愛する花騎士オリーブは、大事な人とともに、<br>無事“平和に”新たな年を迎えることができるのだろうか。	images/character/s/bustup_113301.png	images/synopsis/synopsisbg_1019.jpg	-240	0	100	images/ui/synopsis_button.png	
168	23520	再復刻任務　温泉湯けむり七草事件	新年早々、団長補佐ナズナのもとに一通の手紙が届く。<br>それは彼女の旧友・ハコベラたちからのもので、<br>温泉宿への慰安旅行の招待だった。<br>一も二もなく団長を連れて<br>ベルガモットバレーへ急行するナズナ――<br>しかしハコベラたちの真の目的は他にあった！<br>それは渓谷地帯のどこかにあるという、<br>若返りや不老不死にすら効果のある<br>秘湯・生命の湯を見つけることで……！？	images/character/s/bustup_131805.png	images/synopsis/synopsisbg_3083.jpg	-240	0	100	images/ui/synopsis_button.png	
169	13970	復刻任務  飲めや水都の秋祭り	断崖の水都ロータスルートで、秋の豊穣を祝って酒を楽しむ祭り<br>水都祭――通称、「酔都祭」が開かれる。<br>今回は特に盛大に、各国より酒と人が集まる、<br>大規模な祭りになるという。<br>騎士団は、生真面目な花騎士ゼブリナを中心に会場の警備に就く<br>そこでは害虫の対処ばかりでなく、<br>酔っ払った花騎士の面倒をみるという、<br>想像以上の難事が騎士団を待ち受けていた――！！	images/character/s/bustup_138001.png	images/synopsis/synopsisbg_4095.jpg	-240	0	100	images/ui/synopsis_button.png	
170	13980	復刻任務  メイド・バイ・フラワー	フェリアの花園にて行われる文化交流会。<br>各国の文化大使や著名人が様々な催しを行う中、<br>「警備にあたる騎士団も、詰所を使って何か出し物を」<br>という無茶な指令が下された！<br>短い準備期間の中、花騎士達と相談し導き出された結論。<br>そう、「花騎士によるメイド喫茶」はここに始まる……！<br>	images/character/s/bustup_152913.png	images/synopsis/synopsisbg_4096.jpg	-240	0	100	images/ui/synopsis_button.png	
171	23530	再復刻任務　光華祭トロピカルプリンセス	常夏の世界花バナナオーシャンにて、「最も光り輝く花騎士」<br>を決定する光華祭トロピカルプリンセスが開催される！<br>この光華祭は、繁華祭や栄華祭のように歴史がある……わけでは<br>まったくなく、それらを真似して今年から初めた新しい<br>催事であり式典というよりはお祭りに近いもののようだ。<br>人々はこの突発的で陽気なフェスティバルを楽しみ、思い思いの<br>花騎士に投票していたのだが、リリィウッドの元老院に籍を置く<br>花騎士プロテアたちが何故か「視察」にやって来て……！？	images/character/s/bustup_152807.png	images/synopsis/synopsisbg_3050.jpg	-240	0	100	images/ui/synopsis_button.png	
172	23540	再復刻任務　鬼退治にはチョコレート？	バレンタインの訪れが近づき、ひときわ賑わう商業都市スカネ。<br>様々なチョコレートを求めて、今年も多くの人が足を運ぶ。<br>……しかしその中には、何やら不穏な影も？<br>スカネ付近で目撃される謎の存在。<br>それは、伝承で語られる「鬼」にそっくりだという。<br>害虫以外の討伐任務など寝耳に水な騎士団一行は、<br>その「鬼」に対抗するべく、まずは伝承通りに「豆」を<br>集めることになって……？	images/character/s/bustup_139801.png	images/synopsis/synopsisbg_3053.jpg	-240	0	100	images/ui/synopsis_button.png	
173	1058	うはうはゴールドパーティ	4月8日メンテナンス前まで開催中！<br>期間中、おひとり様1回限りプレイ可能な<br>特別なダンジョンです。<br><br>強化や進化、開花に必須のゴールドを入手しましょう！ナメ！　	images/character/s/bustup_nzn_25_11.png	images/synopsis/synopsisbg_0001.jpg	-240	0	100	images/ui/synopsis_specialungeon.png	
174	13990	復刻任務　大怪盗は甘いのがお好き？	怪しき月の輝く今宵、知徳の花咲く港街にて、<br>着飾り浮かれる諸君らから、至極の甘味をいただきに参上する。<br>巷を騒がす怪盗ナイトシェードから、<br>そんな仰々しい予告状が届けられた。<br>ナイトシェードに憧れる花騎士、キツネノボタンは<br>弟子入りを認めてもらうべく、意気揚々とヨーテホルクに赴く。<br>闇に染まりし悪の華、今宵はどんな獲物をいただくのか……！？	images/character/s/bustup_122307.png	images/synopsis/synopsisbg_4097.jpg	-240	0	100	images/ui/synopsis_button.png	
175	204	二部 任務5　捜索、浄化の力	千の頭の怪物・ミズウォルムの脅威を目の当たりにした一行。<br>情報や打開策を求めて、協力者らと共に、<br>ロータスレイクの水中遺跡へ向かうことに……。	images/character/s/bustup_160411.png	images/synopsis/synopsisbg_0042.jpg	-240	0	100	images/ui/synopsis_button.png	
176	14000	復刻任務　雅なる天つ花の令嬢	才ある花騎士を選ぶ才華祭で入賞した天つ花の令嬢たちを迎え、<br>ベルガモットバレーでは盛大な式典が開かれることになった。<br>各国で美食を味わった彼女たちを審査員に、<br>新たな名物を決める催しも開かれて大賑わいとなる。<br>案内役となった花騎士ハナオクラは、令嬢たちのお世話に、<br>式典の準備にと大忙し。<br>そんな中、意外なトラブルが発生し……？	images/character/s/bustup_140105.png	images/synopsis/synopsisbg_4098.jpg	-240	0	100	images/ui/synopsis_button.png	
177	23550	再復刻任務　水鏡の境界の先へ	ブロッサムヒル南部に位置するジョルン湿地帯で、<br>近頃急激に害虫の出現が増えているとの報告が舞い込んだ。<br>現地へ向かった騎士団一行は、<br>そこで見知らぬ花騎士たちと出会い、告げられる。<br>「私たちの国――ロータスレイクを、助けてください」<br>数百年という長きに渡り、<br>あらゆる国との交流を閉ざしていた湖畔の世界花。<br>その沈黙が破られた理由とは、果たして……？	images/character/s/bustup_161101.png	images/synopsis/synopsisbg_3054.jpg	-240	0	100	images/ui/synopsis_button.png	
178	23560	再復刻任務　可愛いハナには旅をさせよ	会いの季節と呼ばれる春の、少し前――。<br>騎士学校を卒業した新米花騎士たちには、<br>騎士団へと配属されるまでのこの短い期間、<br>卒業旅行と称して様々な場所へ出かける風習があった。<br>バナナオーシャンのリゾート都市プラタノは<br>中でも人気スポットだが、交流の一環として、<br>今年はロータスレイクからも新米花騎士たちが訪れるらしく、<br>騎士団一行には「この国の良いところをアピールするように！」<br>との依頼が舞い込み……。	images/character/s/bustup_150101.png	images/synopsis/synopsisbg_3055.jpg	-240	0	100	images/ui/synopsis_button.png	
179	14010	復刻任務　きぐるみ・オンステージ	ティーリ島にて行われる、子どもと動物のふれあいイベント。<br>招待された花騎士達の重要な任務、それは……<br>「きぐるみを身にまとい、ショーに出演せよ！」<br>しかしやはり、平和なイベントに忍びこむ害虫たち。<br>ショーを止めてはいけない、<br>害虫も退治しなければいけない。<br>子どもたちの笑顔を守りながら、<br>ショーも成功させるのだ……！	images/character/s/bustup_122713.png	images/synopsis/synopsisbg_4099.jpg	-240	0	100	images/ui/synopsis_button.png	
180	14020	復刻任務　クリスマスギフトを貴方に	ウィンターローズ、フィユルの町。<br>かつて封印大氷壁を監視する最前線だったこの町も、<br>今ではすっかり吹雪に閉ざされ、寂れてしまっていた。<br>そんな町を再び活気づけるため、<br>クリスマスバザーが開催されることに。<br>観光客はもちろん、バザーの警備にやってきた花騎士たちも、<br>大切な人へのクリスマスプレゼントを<br>購入しようと思い思いに店を巡る。<br>しかしそこへ、買い物を邪魔する妙な害虫が現れて……？<br>	images/character/s/bustup_165603.png	images/synopsis/synopsisbg_4100.jpg	-240	0	100	images/ui/synopsis_button.png	
181	23570	再復刻任務　華麗なる黄金の味覚	スプリングガーデン全土でロータスレイクとの交流が始まり、<br>ベルガモットバレーではその大自然を活かしたキャンプを開催！<br>終始和やかに進む交流――<br>しかしその裏で、花騎士イモーテルには一つの野望があった。<br>それは、ロータスレイクはもちろん、<br>キャンプに来た全ての人に最高のカレーを提供すること。<br>騎士団一行を巻き込み、<br>彼女は己が力の全てをカレー作りに注ぎ込む！<br>「甘い、甘すぎる……見せてやろう、俺の華麗なるカレーを！」	images/character/s/bustup_140817.png	images/synopsis/synopsisbg_3042.jpg	-240	0	100	images/ui/synopsis_button.png	
182	23580	再復刻任務　花見と女神の薬箱	冬が過ぎ去り春を迎えて、<br>ブロッサムヒルはお花見シーズンに突入する。<br>特に港都市ヨーテホルク近郊は、<br>ロータスレイクからの輸入品もあって大賑わいとなり、<br>遠方からも多くの人々が訪れるが、<br>一方、害虫の活動もまた活発になっていた。<br>騎士団一行はエルダーフラワーたち他国の花騎士とともに、<br>花見会場の警備と害虫討伐の任務へと向かうのだが……。	images/character/s/bustup_148601.png	images/synopsis/synopsisbg_3043.jpg	-240	0	100	images/ui/synopsis_button.png	
183	14030	復刻任務　聖夜に響く友情のベル	リリィウッドの聖夜を盛り上げるため、<br>新たな祭り「聖樹祭」が開かれる。<br>世界花をクリスマスツリーとし、<br>歌と音楽、贈り物で彩るお祭りだ。<br>しかしそのお祭りに、聖夜を憎む害虫が迫る。<br>押し寄せる害虫の群れと、謎の不調に苦しむ花騎士たち。<br>そんな中、聖歌隊の花騎士コーレアは、害虫の放つ「音」が、<br>皆を苦しめていることに気づくのだが――。	images/character/s/bustup_113003.png	images/synopsis/synopsisbg_4108.jpg	-240	0	100	images/ui/synopsis_button.png	
184	205	二部 任務6　突入、地を喰らう怪物	浄化の力を持つ生命樹の精霊ナーエを連れた一行。<br>死神ことクロユリ、星読みセダムらの協力を得て、<br>リリィウッドに帰還。いよいよ地下へ突入するが……。	images/character/s/bustup_152703_03	images/synopsis/synopsisbg_0085.jpg	-240	0	100	images/ui/synopsis_button.png	
185	14040	復刻任務　すすめ、新春輸送隊！	マフル高原で大々的に行われるはずだった、新年を迎える儀式。<br>しかし、連絡の行き違いで、<br>エトゥ神殿に儀式用の荷物が届いてしまう。<br>今年が終わるまで、残された時間はあとわずか。<br>しかも、ベルガモットバレーまでの山道には、<br>害虫が群れを成している。<br>諦めが漂うそんな場に、たった二人の輸送部隊が居合わせた。<br>果たして儀式に間に合うのか？<br>緊急輸送アカシア隊、今年最後の大仕事！	images/character/s/bustup_160025.png	images/synopsis/synopsisbg_4109.jpg	-240	0	100	images/ui/synopsis_button.png	
186	23590	再復刻任務　イースターと語らいの灯火	お菓子の入った鮮やかな卵と、<br>それを配るバニーガールのお出迎え――。<br>ロータスレイク水上都市にて、<br>イースターのお祭りが開催されることになった。<br>各国から多くの人々が集まり賑やかに親睦が深められてゆく一方で、<br>楽しいおしゃべりが大好きな花騎士マネッチアは、<br>卵を狙う害虫たちの噂にいてもたってもいられなくなり……。<br>「害虫の話は聞きたくないの……<br>　ぜーんぶ、マネッチアが燃やしちゃいますね」	images/character/s/bustup_114701.png	images/synopsis/synopsisbg_3058.jpg	-240	0	100	images/ui/synopsis_button.png	
187	23600	再復刻任務　祀られる花の眠り姫	開国して以来、他国と積極的に交流してきた<br>ロータスレイクは、水中都市で開催する<br>「花祭り」にも多く人を受け入れることにした。<br>この祭りは世界花の誕生を祝うという<br>主旨で行われるものであり、騎士団一行は<br>その手伝いと警備の協力で向かうことになるのだが、<br>同行するのは一癖も二癖もある花騎士たちであり……！？	images/character/s/bustup_151803.png	images/synopsis/synopsisbg_3059.jpg	-240	0	100	images/ui/synopsis_button.png	
188	14050	復刻任務　湖底を照らす七草の絆	七草乙女団の面々と会うために、<br>ロータスレイクにやってきた騎士団一行を、<br>長らく会えなかったナズナの旧友、<br>コオニタビラコが歓迎してくれた。<br>今回の立役者・ディアスキアも交えて宴会を開いていると、<br>街を照らしていた灯りが、何者かに盗まれる事件が発生。<br>暗闇に沈む街に灯りを取り戻すため、<br>七草乙女団が調査に乗り出す――！	images/character/s/bustup_167903.png	images/synopsis/synopsisbg_4110.jpg	-240	0	100	images/ui/synopsis_button.png	
189	14060	復刻任務　精華祭スノウロマンティカ	雪原の世界花ウィンターローズにて、<br>「もっとも華やかな花騎士」を決定する、<br>精華祭スノウロマンティカが開かれる！<br>元々は極寒を避け、室内で演技や歌を楽しむ祭りだったが、<br>今年は各国から花騎士が集まり、街中が舞台と化す一大行事となった。<br>女王ノヴァーリスの側近であるミニバラは、この祭りを成功させるため、<br>小さな体で奔走するのだが――。	images/character/s/bustup_111915.png	images/synopsis/synopsisbg_4111.jpg	-240	0	100	images/ui/synopsis_button.png	
190	23610	再復刻任務　監獄島の呼び声	イル・ド・パラディソス――<br>かつて楽園と呼ばれていたその島は、<br>過去に凄惨な事件が起きて以来、<br>わずかに住んでいた人の姿も消えてしまった。<br>激しい嵐に覆い隠されていることもあり、<br>今では知る者もほとんどいないが、<br>その嵐が数年に一度晴れるとき、<br>因縁の敵との決着をつけに向かう花騎士たちがいた。<br>すべては、あの日の悲劇を乗り越えるために……。	images/character/s/bustup_112905.png	images/synopsis/synopsisbg_3060.jpg	-240	0	100	images/ui/synopsis_button.png	
191	23620	再復刻任務　走れ！　スカネの大交流戦	ブロッサムヒルの商業都市・スカネに花騎士たちが集う！<br>国家の垣根を超えて運動能力を競い合う一大イベント、<br>通称”スカネ・ランブル”に参戦するためだ。<br>今年の種目は、広大なフィールドを用いた障害物走。<br>……が、そこに害虫が乱入。会場は混乱に陥るが、ただ一人、<br>害虫マニアの花騎士・コマチソウだけは目を輝かせる。<br>「うわぁ、素敵な標本になりそう！　解体したいな～♪ 」	images/character/s/bustup_131801.png	images/synopsis/synopsisbg_3061.jpg	-240	0	100	images/ui/synopsis_button.png	
192	14070	復刻任務　唸れ！鉄拳バレンタイン	バレンタインを前に、<br>リリィウッドにて手作りチョコレート教室が開かれる。<br>製菓材料輸送の護衛として現地を訪れたノースポールは、<br>偶然同行することになった三人の花騎士もチョコ作りに参加すると知る。<br>冬の終わりを感じ、微かな寂しさを感じていたノースポールも興味を持ち、<br>自分も一緒に参加しようと決めた。しかし、まず彼女に告げられたのは、<br>「チョコを砕く前に、周囲の害虫を粉砕します」という一言だった……！	images/character/s/bustup_110817.png	images/synopsis/synopsisbg_4112.jpg	-240	0	100	images/ui/synopsis_button.png	
193	206	二部 任務7　決戦、根源の世界花	ついに古代の怪物、千の頭のミズウォルム討伐戦が開始された。<br>毒の浄化部隊として作戦に参加する一行だったが、<br>未踏の地下深部、根源の世界は既に、<br>ミズウォルムの毒に汚染されており……。	images/character/s/bustup_165001	images/synopsis/synopsisbg_0122.jpg	-240	0	100	images/ui/synopsis_button.png	
194	14080	復刻任務　一発逆転！水上の大博打	水上都市ロータスレイクで、スワンボートレース大会が開催！<br>いつにない規模のこの大会に、観客もおおいに盛り上がっている。<br>花騎士のバイカソウは、その中のとある賞品を手に入れるため、<br>他の花騎士達を利用……協力して、ボートレースにつぎ込んでいく。<br>しかし、レースにハプニングはつきもの。<br>トラブルを回避し、一攫千金の奇跡は起こせるのか……！？	images/character/s/bustup_160017.png	images/synopsis/synopsisbg_4114.jpg	-240	0	100	images/ui/synopsis_button.png	
195	23630	再復刻任務　花嫁の原石を探して	スカネでの交流戦が落ち着いた頃、<br>リリィウッド東部のエダ商業地区にて、<br>ジューンブライドをテーマとした<br>お祭りが開催されるとの報が走り、<br>「最も花嫁らしい花騎士を主役にする」<br>という主旨を聞いた花騎士たちが続々と集まる！！<br>――しかしお祭り当日、<br>主役に贈呈する予定だった記念の指輪が、<br>なんと何者かに奪われてしまったらしく……！？	images/character/s/bustup_114703.png	images/synopsis/synopsisbg_3062.jpg	-240	0	100	images/ui/synopsis_button.png	
196	23640	再復刻任務　天まで届く願い事	短冊に願い事を書いて笹に飾ると、<br>その願いが叶うという七夕の夜。<br>今年も賑やかなお祭りが開かれる中、<br>騎士団一行のもとへ一つの依頼が舞い込んだ。<br>――天の河に一番近い笹に、この短冊を飾ってください――<br>一行が向かうは、ベルガモットバレーでも急峻極まりない<br>難所・ウカガミの谷。果たして、<br>最も高い場所にある笹を見つけることはできるのだろうか？	images/character/s/bustup_154403.png	images/synopsis/synopsisbg_3063.jpg	-240	0	100	images/ui/synopsis_button.png	
197	14090	復刻任務　花騎士連続殺人事件！？	慰安旅行で温泉宿にやってきた騎士団一行。<br>風谷を彩る花を愛でつつ温泉で疲れを癒やす……はずだった。<br>しかし、一時の平穏は、絹を裂くような悲鳴で破られる。<br>温泉宿に巻き起こる血の惨劇。次々と倒れる花騎士。<br>これは事故か、事件か、はたまた害虫の仕業なのか……？<br>新人花騎士アナナスは真相究明のため奔走する！	images/character/s/bustup_158901.png	images/synopsis/synopsisbg_4115.jpg	-240	0	100	images/ui/synopsis_button.png	
198	14100	復刻任務　運命のラスト・ベット！	移動式カジノ、夢の楽園「パルファン・ノッテ」！<br>老若男女、貴賤貧富の差を問わず、誰もが楽しむ遊戯の場。<br>そこに向かうのは、強運の持ち主である花騎士カゲツ。<br>……ただし、絶賛負け越し中の、勝負に弱い雇い主の付き添いとして。<br>一方その頃、カジノのオーナーは何者かと密会の最中。<br>パルファン・ノッテには、いかなる秘密が隠されているのか……？	images/character/s/bustup_110005.png	images/synopsis/synopsisbg_4116.jpg	-240	0	100	images/ui/synopsis_button.png	
199	23650	再復刻任務　三日月の島と真夏の太陽	バナナオーシャン諸島群の一つ、ティーリ島。<br>少し変わった歴史のあるこの地は、<br>リゾートアイランドとして親しまれており、<br>休暇で遊びに来る花騎士も多く、<br>今夏も様々なイベントが催されていた。<br>しかし、中には何故か浮かない表情の花騎士も……？<br>島の盛り上げを任されていたギンバイソウは、<br>その悩みを解決しようと歩み寄る。<br>「ハサミとノリでなんでも解決っ♪　どーんと任せてねっ♪」	images/character/s/bustup_127601.png	images/synopsis/synopsisbg_3064.jpg	-240	0	100	images/ui/synopsis_button.png	
200	23660	再復刻任務　ひと夏の海の調査記録	夏――長きに渡る閉鎖状態を解除したロータスレイクは、<br>有志の騎士団へ船の貸し出しを奨励し、<br>近辺海域の合同調査を開始した。<br>珍しいものや有益な情報を<br>手に入れた者には報酬が出るとのことで、<br>本国所属のトリトニア調査隊は<br>遅れを取るまいと気合いを入れる。<br>そして、誰も知らない未開の島を発見し、<br>調査のために足を踏み入れるのだが……。	images/character/s/bustup_111907.png	images/synopsis/synopsisbg_3066.jpg	-240	0	100	images/ui/synopsis_button.png	
201	14110	復刻任務　昏き監獄の金の鍵	刻一刻とバナナオーシャン本土に迫る巨大な嵐。<br>それは絶海の孤島「監獄島」の接近を意味していた。<br>襲い来る破滅に立ち向かう花騎士たち。<br>封印から解き放たれ、猛威を振るう害虫の群れ。<br>そして、島の深奥に潜む巨大生命体“マザー”の目的とは？<br>今、長きに渡る悲劇と因縁に決着の幕が下りる――。	images/character/s/bustup_124401.png	images/synopsis/synopsisbg_4117.jpg	-240	0	100	images/ui/synopsis_button.png	
202	14120	復刻任務　駆ける春風とイースター	ブロッサムヒルにイースター祭りがやってきた！<br>華やかなバニーガールと卵に彩られた街で、<br>ひときわ人気を博しているのが、エッグアンドスプーンレース。<br>ブロッサムヒルが大好きな花騎士アナガリスも<br>レースの開催を楽しみにしている一人だが、<br>どうやらイースターエッグを狙う不届き者がいるようで……？	images/character/s/bustup_130905.png	images/synopsis/synopsisbg_4118.jpg	-240	0	100	images/ui/synopsis_button.png	
203	23670	再復刻任務　忍びと迷子と祭り花火	毎年恒例リリィウッドの夏祭り、天華祭。<br>ロータスレイクが国を開いたことや<br>一部元老院の活発な動きもあり、<br>他国からの出店にも許可を出すなど、<br>例年以上の賑わいを見せていた。<br>そんな行事の最後を飾るのは、<br>歴代花騎士たちの魂を迎えるための盛大な花火――。<br>人々が安心して行事を楽しめるよう、<br>騎士団一行は警備任務に向かう。	images/character/s/bustup_128101.png	images/synopsis/synopsisbg_3069.jpg	-240	0	100	images/ui/synopsis_button.png	
204	23680	再復刻任務　鬼教官と補習授業	害虫の脅威に対抗するかのように、<br>様々な行事が過ぎ去っていった夏。楽しかった夏休み……<br>などというものは騎士団にはなかったものの、<br>短くはない休みの明けた騎士学校には、<br>ちょっぴりたるんだ空気が蔓延していた。<br>そんな生徒たちの気を引き締めるため、<br>リリィウッド騎士学校は補習授業を執り行い、<br>騎士団一行のほか、「伝説の鬼教官」と<br>恐れられる花騎士も呼ばれることになって……！？	images/character/s/bustup_160701.png	images/synopsis/synopsisbg_3070.jpg	-240	0	100	images/ui/synopsis_button.png	
205	14130	復刻任務　熱闘！ベイサボール！！	常夏のバナナオーシャンで、史上最大のベイサボール大会が開かれた！<br>各国から腕利きの花騎士たちが集まり、熱い闘いが繰り広げられる。<br>……そんな中、自信をなくし、花騎士の引退を考えるノラナは、<br>ひょんなことからベイサボールチームを結成することになった。<br>ライバルとの再戦を誓う名投手、チアガール、自称・桃源郷の秘密兵器。<br>くせ者だらけの急造チームの運命やいかに……！？	images/character/s/bustup_120005.png	images/synopsis/synopsisbg_4119.jpg	-240	0	100	images/ui/synopsis_button.png	
206	14150	復刻任務　禁断の扉よ、開け	「地中から迫る群体の害虫が、世界花を襲撃する」という大事件を受け、<br>各国で対策が講じられる中、リリィウッド元老院に一つの議案が上がる。<br>――賢人エダの遺産が一つ、「禁書」の封印を解く――<br>元老院の上院副議長に召喚された歴史学者ソリダスターは、<br>禁書の在り処、そしてそこにまつわる謎の調査を開始。<br>果たして、深き森に閉ざされた禁断の扉は開くのだろうか……？	images/character/s/bustup_120823.png	images/synopsis/synopsisbg_4120.jpg	-240	0	100	images/ui/synopsis_button.png	
207	207	模索、白き希望の力	ミズウォルムを打ち倒し、スプリングガーデンは<br>落ち着きを取り戻しつつあった。<br>そんな中、一行は根源の世界花で発見された<br>白い害虫について調査をすることになり……。	images/character/s/bustup_121901.png	images/synopsis/synopsisbg_0080.jpg	-240	0	100	images/ui/synopsis_button.png	
208	23690	再復刻任務　輝ける光華の姫君	次第に秋が近づく頃、バナナオーシャンで<br>一際大きな祭りが開催される。それは先日の光華祭で選ばれた<br>花騎士たちを「光華の姫君」と祭り上げ、彼女たちと一緒に、<br>夏の終わりを歌や踊りで締めくくるという趣旨のものだった。<br>突然の大舞台に戸惑いを隠せない光華の姫君たちだったが、<br>愛し、信じ、勇気をくれる人々の期待に応えるべく、<br>祭りの成功を誓い合う。一方騎士団一行は、そんな彼女たちが<br>夜のステージでも輝けるよう、この国で年に一日だけ実るという<br>特別なバナナの緊急収穫に奔走する――。	images/character/s/bustup_164401.png	images/synopsis/synopsisbg_4068.jpg	-240	0	100	images/ui/synopsis_button.png	
209	23700	再復刻任務　過去と未来の自叙伝	騎士学校に通う生徒に読ませるため、<br>最前線で戦う者たちに自叙伝を書かせよ。<br>――そんな少し変わった任務が騎士団へ舞い込む。<br>花騎士たちはブロッサムヒルで害虫と戦う傍ら、<br>過去と向き合い、未来への想いを紡ぐのだが……？	images/character/s/bustup_132005.png	images/synopsis/synopsisbg_4069.jpg	-240	0	100	images/ui/synopsis_button.png	
210	14160	復刻任務　風谷の里のキノコ祭り	ベルガモットバレー・マフル高原で「キノコ祭り」が開催される。<br>キノコ狩り体験に加え、様々なキノコ料理を味わえるとあって<br>一般客も多く参加するにぎやかなイベントだ。<br>そんな祭りの警備と、キノコの調達を依頼された騎士団一行。<br>キノコ好きだが引っ込み思案の花騎士エリンギも、<br>噂の「幻のキノコ」を見られるかも、と期待しているのだが……？	images/character/s/bustup_160023.png	images/synopsis/synopsisbg_4121.jpg	-240	0	100	images/ui/synopsis_button.png	
211	14170	復刻任務　アルーサ・フェスタ！	ファッションブランド“アスファル”が主催する、<br>大規模なブライダル体験会が、ウィンターローズで開かれる。<br>花嫁に憧れるお客様をもてなす花婿役は――花騎士。<br>あどけない少年、凛々しい青年、それぞれに魅力溢れる花婿たち。<br>雪原の世界花に、黄色い歓声が響き渡る。<br>しかし当の花騎士たちにも、花嫁への憧れはあって……。	images/character/s/bustup_110819.png	images/synopsis/synopsisbg_4122.jpg	-240	0	100	images/ui/synopsis_button.png	
212	23710	再復刻任務　癒しと波乱の温泉街	日々の疲れを癒やすため、騎士団一行は慰安旅行を計画する。<br>するとベルガモットバレーの<br>辺境・桃源郷から歓迎の連絡があった。<br>しかし、そこは国の統治が行き届かない自治区であり、<br>外部との接触にも、積極的ではなかったはず……。<br>戸惑いながらも誘いを受けた一行だが、<br>そこで待っていたのは――。	images/character/s/bustup_110303.png	images/synopsis/synopsisbg_4070.jpg	-240	0	100	images/ui/synopsis_button.png	
213	23720	再復刻任務　ガラス館の怪事件	騎士団一行への労いと、<br>ロータスレイクの花騎士たちとの交流を兼ね、<br>清心の丘にある街の館で親睦会が企画された。<br>そこで希少な高級食材を使ってケーキを<br>作ろうとしたナズナだが届いていたのは高級食材ではなく、<br>怪盗からの挑戦状だった。しかし、交流会に訪れていた探偵は、<br>真犯人は怪盗ではないと告げる。果たして真犯人は誰なのか、<br>そして高級食材はどこに消えたのか……！？	images/character/s/bustup_137801.png	images/synopsis/synopsisbg_4071.jpg	-240	0	100	images/ui/synopsis_button.png	
214	14180	復刻任務　じめじめカビパニック！	開催を数日後に控えた「食材と料理の博覧会」。<br>様々な美味を楽しめる素晴らしいイベントになるはずが、<br>各国から集められた食材に、なぜかカビが大発生！<br>原因を突き止めて排除するだけでなく、<br>食材の安全を確保しなければ、イベントは中止となってしまう……。<br>今、かつてない食の危機が花騎士達に迫っていた！！	images/character/s/bustup_166703.png	images/synopsis/synopsisbg_4123.jpg	-240	0	100	images/ui/synopsis_button.png	
215	14190	復刻任務　ようこそ！花咲く海の家	ロータスレイクのはずれ、クール海岸。<br>その浜辺に建つ海の家「クール・デ・ラメール」で、<br>期間限定「花騎士海の家」がオープンすることになった。<br>お手伝いにやってきた花騎士テンナンショウも、<br>海の家を盛り上げるべく奔走するが、<br>どうやら妙な害虫も現れたようで……！？	images/character/s/bustup_153403.png	images/synopsis/synopsisbg_4124.jpg	-240	0	100	images/ui/synopsis_button.png	
216	14200	復刻任務　千の頭のミズウォルム	――緊急招集、緊急招集。<br>リリィウッド、ミズ回廊地下にて多数の害虫を確認。<br>その正体は数億もの個体からなる群体型害虫、ミズウォルムである。<br>世界の根源となる力を求め、地下深層へと侵攻中。<br>一つでも多くの騎士団、一人でも多くの花騎士の協力を求む。<br>繰り返す、緊急招集、緊急招集、緊急招集、緊急招集…………。	images/character/s/bustup_160805.png	images/synopsis/synopsisbg_4125.jpg	-240	0	100	images/ui/synopsis_button.png	
217	23730	再復刻任務　夜の森の優しい魔法	秋深まるリリィウッドで仮装とお菓子の祭りが催されることに。<br>その祭りの警備に、騎士団一行が派遣された。<br>しかし、街や森には謎の黒いかぼちゃが次々現れ、<br>怪現象を引き起こして様々なトラブルを発生させてしまう。<br>祭りを楽しみにしていたロータスレイクの花騎士ヤマゴーヤは、<br>他の花騎士たちと協力しかぼちゃを作った犯人探しに奔走する。<br>	images/character/s/bustup_164001.png	images/synopsis/synopsisbg_4072.jpg	-370	0	100	images/ui/synopsis_button.png	
218	23740	再復刻任務　荒野に花を	スプリングガーデン最西端「コダイバナ」。<br>害虫の総本山と恐れられるその地で、ひとつの計画が進行する。<br>それは、枯れた大地に緑を芽吹かせようとするもの――。<br>現地に向かった騎士団一行は、<br>様々な国から集まった花騎士たちとともに、<br>害虫の脅威を排除しながら<br>「生命の苗木」を育てることになるのだが……。	images/character/s/bustup_161105.png	images/synopsis/synopsisbg_4073.jpg	-240	0	100	images/ui/synopsis_button.png	
219	14210	復刻任務　ビーチ・ウォーズ！	強い日差し、熱い砂浜、そして燃え上がる熱気と対抗心！<br>休暇代わりに与えられたリゾート地ティーリ島での<br>ゆる～い警備任務は、騎士団一行を開放的な<br>バカンス気分にさせる……はずだったが、休む間もなく、<br>渚の球技大会やイベントに挑戦することになり……！？<br>浮かれた害虫も吹き飛ばせ！　夏のビーチは戦いだ！	images/character/s/bustup_120403.png	images/synopsis/synopsisbg_4126.jpg	-240	0	100	images/ui/synopsis_button.png	
220	14220	復刻任務　真夏のマリンクルーズ	ヨーテホルクの港に、一隻のクルーズ船がやってきた。<br>夏のひととき、バカンス気分を満喫しようと<br>様々な客がそのクルーズ船に乗り込んでいく。<br>船旅が大好きな花騎士ロエオも、さっそく船で知り合った<br>花騎士達とともにバカンスを楽しもうとするが、<br>招かれざる客まで乗り込み、どうやら一波乱ありそうな予感……！？	images/character/s/bustup_128001.png	images/synopsis/synopsisbg_4127.jpg	-240	0	100	images/ui/synopsis_button.png	
221	23750	再復刻任務　波乗れ！常夏クリスマス！	常夏なバナナオーシャンでのクリスマスは、<br>静かでもなく荘厳でもない。それは昼間から堂々と行われる、<br>極彩色の強い一大イベントだ。<br>当然どこもかしこも忙しく、常に人手は足りていない。<br>そんな中、少人数で警備に当たることになった騎士団に、<br>休暇中の花騎士たちがサンタ衣装で手伝いに駆けつける。<br>リゾート地ティーリ島を舞台に、<br>花騎士たちはサンタとなる……？	images/character/s/bustup_140821.png	images/synopsis/synopsisbg_3074.jpg	-240	0	100	images/ui/synopsis_button.png	
222	23760	再復刻任務　聖なる夜にご馳走を	ウィンターローズの聖夜祭。今年は国を挙げて<br>チャリティークリスマスイベントが行われる事になった。<br>手伝いに訪れた花騎士たちは、<br>イベント内で開店するレストランを担当することに。<br>そして、皆が喜ぶ料理を作ろうと奮闘するのだが……！？	images/character/s/bustup_145501.png	images/synopsis/synopsisbg_3075.jpg	-240	0	100	images/ui/synopsis_button.png	
223	208	帰還、そして再び	ミズウォルム討伐のきっかけともなった調査任務は<br>無事終了し、一行の旅はひとまず終わる。<br>しかし数日後、コダイバナで異変が発生したとの知らせを受け、<br>バナナオーシャンの地で再会することに。	images/character/s/bustup_111911.png	images/synopsis/synopsisbg_0055.jpg	-240	0	100	images/ui/synopsis_button.png	
224	14230	復刻任務　夢と現の眠り姫	世界を騒がせたアクア・シャドウ事件が終息してから数日後。<br>ロータスレイク中央に位置する機関「セントラルロータス」にて、<br>千年の眠りから目覚めた女王ネムノキの処遇に関する会議が開かれる。<br>様々な思惑がめぐる中、王立聖護湖機関ネライダからは、<br>二人の現女王の退位――すなわち、ネムノキ王政の復活が提案され……。	images/character/s/bustup_165607.png	images/synopsis/synopsisbg_4128.jpg	-240	0	100	images/ui/synopsis_button.png	
225	14240	復刻任務　銃声よ、荒野を拓け	枯れた世界花の地、コダイバナ。<br>乾いた風が吹き抜ける砂と岩の大荒野に、<br>今、再生のための新たな一歩が踏み出されようとしていた。<br>それは、花畑計画によって生まれた小さな開拓村――。<br>そこには大きな希望と様々な脅威、そのどちらもがあふれている。<br>開拓者たちを助け、守るため、花騎士達は荒野を往く！	images/character/s/bustup_135501.png	images/synopsis/synopsisbg_4129.jpg	-240	0	100	images/ui/synopsis_button.png	
226	23770	再復刻任務　あなたのソバで年越しを	今年最後の討伐任務をウィンターローズで終えた騎士団一行は、<br>過去に多くの騎士団が霊峰で参拝している事を知り、<br>霊峰山頂での年越しを計画する。<br>温かいそばや雑煮を準備し、登山の準備をしている最中に、<br>用意していた食材を害虫に盗まれてしまう。<br>温かい食事を取り戻し、<br>初日の出を迎えることができるのか……！？	images/character/s/bustup_141903.png	images/synopsis/synopsisbg_3076.jpg	-240	0	100	images/ui/synopsis_button.png	
227	23790	再復刻任務　激闘！白熱の雪合戦	ウィンターローズで雪祭りが開催された。<br>祭りのなかでも、同時開催の雪合戦大会は、<br>毎年多くの人々が参加、観戦に訪れる目玉行事だ。<br>雪合戦が大得意な花騎士・ビバーナムは、<br>大会で優勝すべく、他の花騎士たちとチームを組む。<br>しかし立ちはだかるのは、一筋縄ではいかない強敵たち。<br>雪の合戦場を制するのは果たして……！？	images/character/s/bustup_160015.png	images/synopsis/synopsisbg_3077.jpg	-240	0	100	images/ui/synopsis_button.png	
228	14250	復刻任務　絢爛たる精華の王女	精華祭における“姫”達の中から選ばれた“精華の王女”を称え、<br>ウィンターローズで華やかな授賞式典が催されることとなった。<br>式典の成功のために、案内役の花騎士ディモルフォセカも張り切っている。<br>そんな中、式典は舞踏会形式だと聞いた王女達は、<br>ディモルフォセカと共にダンスの練習に励むが、<br>彼女にも色々な事情があるようで……？	images/character/s/bustup_110821.png	images/synopsis/synopsisbg_4130.jpg	-240	0	100	images/ui/synopsis_button.png	
229	14260	復刻任務　探偵はカボチャに乗って	険しい修行場として知られるウィンターローズの霊峰で、<br>なんとハロウィンパーティが開かれることになった。<br>カボチャの気球で怪しく彩られた会場は大賑わいだが、<br>そこに届いたのはなんと……怪盗からの挑戦状！<br>さらには待っていましたとばかりに名探偵も現れて……！？	images/character/s/bustup_152003.png	images/synopsis/synopsisbg_4131.jpg	-240	0	100	images/ui/synopsis_button.png	
230	23800	再復刻任務　才華祭ノーブル・グレイス	風谷の世界花ベルガモットバレーにて、「最も優れた花騎士」を<br>決める才華祭ノーブル・グレイスが開催される！<br>花騎士が各々の優れた才能を披露し、人々が思い思いに投票する<br>この祭りは、かつては伝統行事だったものの、<br>いつの間にか忘れ去られていたのだが……。<br>今回の主催者は、それまで人前に姿を晒すことのなかった<br>女王シュウメイギク。彼女が才華祭を開催した理由、そして、<br>従者コリウスの願いとは……？	images/character/s/bustup_141109.png	images/synopsis/synopsisbg_4078.jpg	-240	0	100	images/ui/synopsis_button.png	
231	23810	再復刻任務　波打ち際のショコラフェス	バレンタインが近づき、<br>チョコの匂いが街中に漂うバナナオーシャンで、<br>合同訓練という名のバレンタインチョコ大会が<br>開催されることになった。<br>それぞれの思惑を抱えて参加する花騎士たち。<br>しかし大会中、用意されたチョコが盗まれる事件が発生。<br>さらには謎の巨大チョコバナナの目撃情報まで寄せられる。<br>花騎士たちは無事にチョコを取り戻し、<br>完成させられるのか……！？	images/character/s/bustup_163501.png	images/synopsis/synopsisbg_4079.jpg	-240	0	100	images/ui/synopsis_button.png	
232	14270	復刻任務　風雲！逆転カラクリ城	かつて害虫が入り込み、暴走した移動要塞カラクリ城。<br>今では、一部の花騎士達の訓練場として再利用されているという。<br>念願叶い、城を見学にやってきたからくり好きの花騎士ゼンマイは、<br>城の中で、わずかな違和感を覚える。<br>「今のは何かのからくり？　それともまさか、侵入者だったり……？」	images/character/s/bustup_140009.png	images/synopsis/synopsisbg_4132.jpg	-240	0	100	images/ui/synopsis_button.png	
233	300	ブレーメン包囲突破戦	エムオン島を襲った雷……それは、すでに復活を果たしていた<br>天雷と暁の王、フラスベルグによるものだった。<br>その凶刃は、ブレーメン防衛基地をも巻き込んでいく。<br>基地では、ナーエ達を逃がすべく、撤退作戦が展開されるが……。	images/character/s/bustup_136905.png	images/synopsis/synopsisbg_4073.jpg	-240	0	100	images/ui/synopsis_button.png	
234	14280	復刻任務　突撃！情熱インタビュー	先に行われた精華祭において、特別賞に選ばれた花騎士達。<br>そんな彼女達を特集した本を作るべく、<br>花騎士であり記者でもあるバーゼリアは<br>本人達への突撃取材を試みる。<br>しかし、入賞した花騎士達はなかなかの曲者ぞろいで……？	images/character/s/bustup_130019.png	images/synopsis/synopsisbg_4133.jpg	-240	0	100	images/ui/synopsis_button.png	
235	23820	再復刻任務　千の足のナイドホグル	緊急招集、緊急招集。<br>ウィンターローズ氷結湖にて超巨大生命体の活発化を確認。<br>対象は古の怪物ナイドホグル。<br>その全長はウィンターローズ国土を縦断すると推定。<br>現在、超高温の体熱で氷結湖を溶かしながら<br>手下の害虫を無数に生み出し続けている。<br>一つでも多くの騎士団、一人でも多くの花騎士の協力を求む。<br>繰り返す、<br>緊急招集、緊急招集、緊急招集、緊急招集……………………。	images/character/s/bustup_168501.png	images/synopsis/synopsisbg_4080.jpg	-240	0	100	images/ui/synopsis_button.png	
236	23830	再復刻任務　お返しスイーツ大作戦	ウィンターローズでの騒動も収束する頃、<br>バレンタインの返礼シーズンが迫ってきていた。<br>お返しのお菓子を渡すという風習は<br>騎士団界隈にも知れ渡っていたのだが、<br>先日の緊急任務により、<br>準備が間に合っていない騎士団も多いようだ……。<br>そんな中、花騎士コムギは<br>とある作戦を実行に移していて……！？	images/character/s/bustup_132409.png	images/synopsis/synopsisbg_4081.jpg	-240	0	100	images/ui/synopsis_button.png	
237	14290	復刻任務　激突！はらぺこバトル	バナナオーシャンで開かれる大食い大会「はらぺこバトル」。<br>美味しいものを楽しく食べつつ、<br>その大食いっぷりを競いあう盛大なお祭りだ。<br>大食いに自信を持つ花騎士ガーリックバインは<br>はらぺこバトル優勝を狙い、参戦するが……？	images/character/s/bustup_140011.png	images/synopsis/synopsisbg_4134.jpg	-240	0	100	images/ui/synopsis_button.png	
238	23840	再復刻任務　打って蹴って！大競技会	花騎士たちの運動能力を競い合う祭典である競技会が、<br>常夏の国、バナナオーシャンで開催決定！<br>様々な種目を取りそろえ、パワーアップした競技会に<br>各国の花騎士たちが優勝を目指して挑む。<br>しかしそんな中、参加賞の記念のメダルが盗まれてしまい……！？	images/character/s/bustup_130807.png	images/synopsis/synopsisbg_4082.jpg	-240	0	100	images/ui/synopsis_button.png	
239	23850	再復刻任務　お花見、様子見、一休み！	春の訪れに浮かれ賑わうブロッサムヒルでは、<br>たくさんの人々が休暇を取り、それぞれ花見を楽しんでいた。<br>そんな花見の会場警備を担当することになった騎士団一行に、<br>突如、リリィウッドからお忍びで視察にやってきた<br>元老院の議員を護衛するようにとの依頼が舞い込んでくる。<br>王族でもある彼女の目的とは、一体何なのだろうか……？	images/character/s/bustup_165001.png	images/synopsis/synopsisbg_4083.jpg	-240	0	100	images/ui/synopsis_button.png	
240	14300	復刻任務　クリスマス・メモリーズ	水中都市のクリスマス、もろびとみんな大忙し。<br>準備に、警備に、観光に、各国の花騎士達が訪れる。<br>クリスマスの準備を任されたトキソウの心配事は、<br>他人との付き合いがちょっと苦手な、不器用な親友の事。<br>果たして二人は、無事にクリスマスを迎えられるのか……？	images/character/s/bustup_162801.png	images/synopsis/synopsisbg_4135.jpg	-240	0	100	images/ui/synopsis_button.png	
241	301	災厄の起源	圧倒的な力で君臨するフラスベルグを倒す方法、<br>そして謎に包まれたメコノプシスの力の秘密を探るべく、<br>一行はディープ・レコードの保有する記憶の禁書に保存された<br>“千年前のスプリングガーデン”へと潜る。	images/character/s/bustup_mob25_02.png	images/synopsis/synopsisbg_4104.jpg	-240	0	100	images/ui/synopsis_button.png	
242	14310	復刻任務　花舞う新年の宴	ロータスレイク水上都市にて、新年を迎える行事が催される。<br>行事の招待客として呼ばれた騎士団一行だが、<br>年が明けるまでに必要な準備も手伝うことに。<br>さほど人手が足りていないようでもなさそうだが、<br>常に最悪を想定する花騎士ヤブデマリは、そうは思っていないようで……？	images/character/s/bustup_160031.png	images/synopsis/synopsisbg_4136.jpg	-240	0	100	images/ui/synopsis_button.png	
243	14320	復刻任務　新春☆かくし芸大会！	バナナオーシャンのお正月はまだ終わらない！<br>どんちゃん騒ぎのかくし芸大会が開催され、<br>有名サーカス団のリーダーも審査員に招かれる。<br>サーカス団の大ファンである花騎士メルテンシアは<br>騎士団長に背中を押され、大会に参加することに……！	images/character/s/bustup_165101.png	images/synopsis/synopsisbg_4137.jpg	-240	0	100	images/ui/synopsis_button.png	
244	23860	再復刻任務　輝く卵とエッグハンター	色鮮やかな卵とバニーガールの祭典、イースターのお祭りが、<br>ロータスレイクの水中都市で行われることに。<br>華やかな街並みの中、豪華賞品が入った卵を探す<br>「エッグハント」なるゲームが開催され、<br>お祭りを楽しみに訪れた花騎士テッポウユリも参加するが、<br>卵を狙った泥棒が現れ、<br>それどころではなくなってしまい……！？	images/character/s/bustup_152719.png	images/synopsis/synopsisbg_4084.jpg	-240	0	100	images/ui/synopsis_button.png	
245	23870	再復刻任務　女王様は忙しい！	ロータスレイク水中都市女王ハス。<br>長年閉ざされてきた国の歴史を変え、<br>その後の交流にも積極的なことで知られるが、<br>ロータスレイクにはもうひとり、<br>彼女と肩を並べる重要な存在がいた。<br>その名はヒツジグサ――水上都市を治める女王である。<br>日々の務めの多忙を理由に<br>なかなか会うことがかなわなかったが、騎士団一行は今回、<br>ひょんなことから彼女に会いに行くことになり……。	images/character/s/bustup_160409.png	images/synopsis/synopsisbg_4085.jpg	-240	0	100	images/ui/synopsis_button.png	
246	14330	復刻任務　万華祭カレイドクローマ	太陽が沈み、夜が訪れ、そして万華の祭典が始まる。<br>元々は「眠り姫」に想いを捧げるべく始まった催しだが、<br>時を経た今では「人々に希望を与えた花騎士」を選ぶ祭りとなった。<br>司聖官パキスタキスの依頼で、団長は審査員として参加する。<br>様々な想いを抱いて、人々は湖畔の世界花に集う……！	images/character/s/bustup_164901.png	images/synopsis/synopsisbg_4138.jpg	-240	0	100	images/ui/synopsis_button.png	
247	14340	復刻任務　甘い気持ちをあなたに	「溶けない愛」をテーマにしたバレンタインの祭りが<br>ウィンターローズで開催されることになった。<br>レアなもの大好きな花騎士アニソドンテアは、そこで販売される<br>「幻のチョコ」を入手するため、先輩花騎士と共に祭りへやって来た。<br>しかし、例によって例のごとく、祭りに届いたのは予告状で……！？	images/character/s/bustup_130101.png	images/synopsis/synopsisbg_4139.jpg	-240	0	100	images/ui/synopsis_button.png	
248	23880	再復刻任務　暴走！　驚天カラクリ城	宵闇迫るマフル高原に、神出鬼没の城がある。<br>朝になったら姿を消して、夜だけ見える城がある。<br>そんな噂を聞きつけて、調査に出かける騎士団一行。<br>どうやら、近隣の里の忍たちも動き出しているらしい。<br>地面に残るは巨大な轍、発条に歯車、カラクリ細工。<br>闇に紛れぬその威容、高原の夜には何が待つ……！？<br>	images/character/s/bustup_140003.png	images/synopsis/synopsisbg_4086.jpg	-240	0	100	images/ui/synopsis_button.png	
249	23890	再復刻任務　雨上がりの輝石と奇跡	リリィウッドの森の奥に、虹色に光る何かがある――<br>そんな目撃証言が、近ごろ多数寄せられている。<br>騎士団一行は、その目撃された光の正体を確かめるべく、<br>森の奥へと調査に向かうこととなった。<br>雨の降りしきる森の中、虹色に光るものの正体とは……？<br>	images/character/s/bustup_121901.png	images/synopsis/synopsisbg_4087.jpg	-240	0	100	images/ui/synopsis_button.png	
250	14350	復刻任務　武の心、愛に染めて	桃源郷を守る力、愛染流武術。数多の流派を擁し、<br>互いに切磋琢磨し技を磨いていた。<br>そんな中、害虫討伐に失敗して落ち込む若き修行者たちに、<br>染物屋の看板娘にして花騎士、アカネが一肌脱ぐことに……。	images/character/s/bustup_144701.png	images/synopsis/synopsisbg_4140.jpg	-240	0	100	images/ui/synopsis_button.png	
251	302	海に沈んだ空の花	千年前の世界で、フラスベルグに対抗する手段に辿り着いた一行。<br>しかし、今のままでは近づくことすらままならない。<br>そこで、まずはフラスベルグの攻撃を回避する策を探すべく、<br>かつて海の底に沈んだ“蓬莱花”へ向かうこととなる。	images/character/s/bustup_142205.png	images/synopsis/synopsisbg_0008.jpg	-240	0	100	images/ui/synopsis_button.png	
252	23900	再復刻任務　水底の仮面舞踏会	水中都市ロータスレイクにて開催された、華やかな仮面舞踏会。<br>各国から来賓を招き、水中都市の女王の婿探しとも噂されるが、<br>当の女王ハスは沈黙を守ったまま、詳細を語ろうとしない。<br>舞踏会の警護役として抜擢された騎士団の花騎士たちも、<br>それぞれ衣装や仮面を準備してロータスレイクへとやってくる。<br>仮面の下で、様々な思惑渦巻く舞踏会、<br>このまま終わるはずがない……？	images/character/s/bustup_161601.png	images/synopsis/synopsisbg_4088.jpg	-240	0	100	images/ui/synopsis_button.png	
253	23910	再復刻任務　夏の水面に揺らめく記憶	水上都市ロータスレイクで、大規模な水上競技会が開催される。<br>過酷な障害物競泳に水上相撲、<br>陣取り合戦にスワンボートレース。<br>かねてからロータスレイクに憧れていた花騎士ビンカは、<br>この大会に積極的に参加し、まじないパワーで勝利を目指す。<br>「思い出を作りたい」「失われた過去の手がかりを見つけたい」<br>様々な望みを持った花騎士たちも加わって、<br>いよいよ大会の幕が上がる！<br>	images/character/s/bustup_135001.png	images/synopsis/synopsisbg_4089.jpg	-240	0	100	images/ui/synopsis_button.png	
254	14360	復刻任務　淑女は一日にしてならず	スカネの淑女祭は、ひな祭りにふさわしい淑女を選ぶコンテスト。<br>騎士団一行もコンテストに参加することに！<br>しかし、集まった中には癖の強い花騎士たちも混じっており、<br>礼儀作法に詳しいキジムシロを臨時講師として、<br>急遽「ひな祭り集中マナー講座」が開かれることになった……！	images/character/s/bustup_131935.png	images/synopsis/synopsisbg_4141.jpg	-240	0	100	images/ui/synopsis_button.png	
255	14370	復刻任務　不思議の世界でお茶会を	リリィウッドのとある木陰。<br>仲良しの花騎士達は、いつものようにお茶会の準備をしていました。<br>けれど、ひょんなことから見知らぬ空間に迷い込んでしまい、<br>そこで出会った不思議な精霊たちに、あることをお願いされます。<br>果たして一行はお願いを果たし、元の場所へと帰れるのでしょうか……？	images/character/s/bustup_114705.png	images/synopsis/synopsisbg_4142.jpg	-240	0	100	images/ui/synopsis_button.png	
256	14380	復刻任務　佳き日に果実を届けよう	ベルガモットバレーは果物狩りの季節。<br>美味しく楽しい行事に盛り上がるが、今年はなぜか果物が不作。<br>そこで、注文を受けたリリィウッドの商店から配達に向かった<br>花騎士ブローディアだが、果実を狙う害虫に襲われてしまう。<br>ピンチに現れたのは、果実の輸送を得意とするオレンジ隊の面々だった。	images/character/s/bustup_156701.png	images/synopsis/synopsisbg_4143.jpg	-240	0	100	images/ui/synopsis_button.png	
257	23920	再復刻任務　過ぎし日を彷徨う幽霊船	青く美しい海の向こうから、幽霊船がやってくる。<br>富と名声、恐怖と悲しみを乗せて、幽霊船がやってくる――。<br>観光客で賑わうはずのバナナオーシャンは今、<br>そんな噂でもちきりだった。<br>そこへ休暇で訪れていた騎士団一行は、<br>そんな噂の調査を依頼されることに。<br>危険と冒険大好きな花騎士・チューベローズも飛び入り参加し、<br>大海原での幽霊船捜索が始まったのだった――。	images/character/s/bustup_120001.png	images/synopsis/synopsisbg_4090.jpg	-240	0	100	images/ui/synopsis_button.png	
258	23930	再復刻任務　星降る夜のメッセージ	ベルガモットバレーでも、綺麗な星空で知られるマフル高原。<br>特に今夜は、数年に一度の快晴に、流星群まで重なった、<br>特別な夜だ。この最高の星空を見るための祭り、<br>大星観祭が開催されることになった。<br>その警備に呼ばれた騎士団一行は、<br>突如聞こえた謎の轟音を調べに行く。<br>するとそこには、星に向けて手紙を砲撃する花騎士<br>スイセイランの姿があった。<br>彼女の想いとは……？　ドタバタで切ない星の祭りが始まる！	images/character/s/bustup_112821.png	images/synopsis/synopsisbg_4091.jpg	-240	0	100	images/ui/synopsis_button.png	
259	14390	復刻任務　春待つ卵を探して	北の田舎町フィユルにて行われる、イースター料理大会。<br>その実態は、町興しのための卵料理コンテストとのこと。<br>とある縁から遥々腕をふるいに来た花騎士たちは、<br>そこで奇妙な噂を耳にする。<br>果たして、雪山に眠る「幻の卵」とは……？<br>	images/character/s/bustup_140835.png	images/synopsis/synopsisbg_4144.jpg	-240	0	100	images/ui/synopsis_button.png	
260	14400	復刻任務　絡繰りじかけの後継者	ベルガモットバレーで次々と発見されるカラクリ城。<br>予測不能の挙動で人々を騒がせてきたそれらは<br>大昔に生きた発明家ケンザンの作品であると考えられていたが、<br>そのケンザンが今も生きているのではないかという噂が立つ。<br>事の真偽を確かめるべく、少数精鋭の調査部隊が結成されるのだが……。	images/character/s/bustup_120011.png	images/synopsis/synopsisbg_4145.jpg	-240	0	100	images/ui/synopsis_button.png	
261	23940	再復刻任務　夏の灯りの慰霊祭	リリィウッドでは、<br>この時期にささやかな慰霊の式典が行われる。しかし、<br>ある場所では迷える魂が化けて出るという噂が流れていた。<br>「お化けにはお化けで対抗だ」という提案により、<br>なぜか花騎士達がお化けの仮装をすることに……。<br>小さな灯が迷える霊を慰め、悲しみを鎮めるための夏祭り。	images/character/s/bustup_130007.png	images/synopsis/synopsisbg_4092.jpg	-240	0	100	images/ui/synopsis_button.png	
262	23950	再復刻任務　監獄の闇に蠢くもの	バナナオーシャンから遠く南に浮かぶ孤島、監獄島。<br>かつて凄惨な事件に見舞われたこの島も、<br>ある討伐隊の活躍により攻略が進み、<br>現在では、才能ある若き花騎士たちを訓練する場として、<br>少しずつ開拓されていた。<br>だがそんなある日、一部の訓練生たちが忽然と姿を消してしまう<br>まるでこの島に棲みつく、<br>得体の知れない“何か”に連れ去られたかのように……。	images/character/s/bustup_140005.png	images/synopsis/synopsisbg_4093.jpg	-240	0	100	images/ui/synopsis_button.png	
263	303	業火の目醒め	蓬莱花より超技術の可能性を持ち帰った矢先、<br>ナズナからもたらされた緊急の報――。<br>それは、浄化されたミズウォルムの能力で<br>“害虫を益虫に戻せるかもしれない”という研究報告だった。	images/character/s/bustup_168501_2_03.png	images/synopsis/synopsisbg_0045.jpg	-240	0	100	images/ui/synopsis_button.png	
264	14410	復刻任務　武に舞う華の乙女たち	お祭り大国・バナナオーシャンで、<br>強さと美しさを競う「舞闘大会」が開催されることになった。<br>会場を包む熱気に、お祭りごとが大好きな<br>花騎士ヒペリカムも、興奮で実況に磨きがかかる。<br>今、戦いの幕が切って落とされる！	images/character/s/bustup_168103.png	images/synopsis/synopsisbg_4146.jpg	-240	0	100	images/ui/synopsis_button.png	
265	14430	復刻任務　歩め、花嫁、天気雨	桃源郷の女性たちが花嫁衣裳を身にまとって練り歩き、<br>人々を楽しませる華やかな催し「花嫁道中」。<br>自警団の花騎士たちも、この日ばかりは着飾って参加する。<br>晴天に小雨がぱらつく中を花嫁たちが歩き出し、<br>騎士団長は、そんな花嫁たちのエスコートをすることに……！？	images/character/s/bustup_140403.png	images/synopsis/synopsisbg_4147.jpg	-240	0	100	images/ui/synopsis_button.png	
266	23960	再復刻任務　シルクロ・スペクタクル	商業都市スカネにサーカスがやってきた！<br>グーズベリーたち「シルクロ・リベス」は、<br>街から街へと渡り歩き、人々に笑顔と感動を与えるサーカス団。<br>今日も今日とて、お客様の拍手を頂戴すべく、舞台の幕を上げる<br>しかし、何やらトラブルの気配もあるようで……？<br>団員たちはお客様の笑顔のため、トラブル解決に奔走する！<br>	images/character/s/bustup_130009.png	images/synopsis/synopsisbg_4094.jpg	-240	0	100	images/ui/synopsis_button.png	
267	23970	再復刻任務　飲めや水都の秋祭り	断崖の水都ロータスルートで、秋の豊穣を祝って酒を楽しむ祭り<br>水都祭――通称、「酔都祭」が開かれる。<br>今回は特に盛大に、各国より酒と人が集まる、<br>大規模な祭りになるという。<br>騎士団は、生真面目な花騎士ゼブリナを中心に会場の警備に就く<br>そこでは害虫の対処ばかりでなく、<br>酔っ払った花騎士の面倒をみるという、<br>想像以上の難事が騎士団を待ち受けていた――！！	images/character/s/bustup_138001.png	images/synopsis/synopsisbg_4095.jpg	-240	0	100	images/ui/synopsis_button.png	
268	14440	復刻任務　†暗黒綺羅星狂想曲†	澄んだ星空を戴く雪原の世界花、ウィンターローズ……。<br>其の星空を讃え、安寧を願わんと、街が星合の儀に興じる中……。<br>無辜の民を守らんと剣を振るう正義の騎士のみが、<br>暗き深淵より這い出る破滅の足音に耳を傾けていた……。<br>「――――何か、大きな陰謀が蠢いているのかもしれません……！」	images/character/s/bustup_110823.png	images/synopsis/synopsisbg_4148.jpg	-240	0	100	images/ui/synopsis_button.png	
269	14450	復刻任務　釣り糸流れて何処へゆく	ブロッサムヒル北東、ヨーテ地方で釣り大会が開かれるという。<br>たまの休暇を得て大会へと向かった騎士団長は、<br>道中で知り合った釣り好きの花騎士ツリフネソウと意気投合し、<br>全力で釣りを楽しもうと決意する。<br>しかしそこへ、何故か宝石商がアプローチを仕掛けてきて……？	images/character/s/bustup_124503.png	images/synopsis/synopsisbg_4149.jpg	-240	0	100	images/ui/synopsis_button.png	
270	23980	再復刻任務　メイド・バイ・フラワー	フェリアの花園にて行われる文化交流会。<br>各国の文化大使や著名人が様々な催しを行う中、<br>「警備にあたる騎士団も、詰所を使って何か出し物を」<br>という無茶な指令が下された！<br>短い準備期間の中、花騎士達と相談し導き出された結論。<br>そう、「花騎士によるメイド喫茶」はここに始まる……！	images/character/s/bustup_152913.png	images/synopsis/synopsisbg_4096.jpg	-240	0	100	images/ui/synopsis_button.png	
271	23990	再復刻任務　大怪盗は甘いのがお好き？	――怪しき月の輝く今宵、知徳の花咲く港街にて、<br>着飾り浮かれる諸君らから、至極の甘味をいただきに参上する。――<br>巷を騒がす怪盗ナイトシェードから、そんな仰々しい予告状が届けられた。<br>ナイトシェードに憧れる花騎士、キツネノボタンは<br>弟子入りを認めてもらうべく、意気揚々とヨーテホルクに赴く。<br>闇に染まりし悪の華、今宵はどんな獲物をいただくのか……！？	images/character/s/bustup_122307.png	images/synopsis/synopsisbg_4097.jpg	-240	0	100	images/ui/synopsis_button.png	
272	304	進軍、天を統べる王	ついに氷結湖に眠る怪物、ナイドホグルの浄化に成功した一行。<br>これを機に、いよいよコダイバナ侵攻作戦が行われることになり、<br>各国から集った人々の手によって、準備が進められていく。<br>世界の存亡を賭けた戦いが今、始まろうとしていた……。	images/character/s/bustup_134205_2.png	images/synopsis/synopsisbg_4073.jpg	-240	0	100	images/ui/synopsis_button.png	
273	14460	復刻任務　常夏！ビーチガンナーズ	夏だ！　海だ！　水鉄砲だ！<br>……というわけで、常夏の世界花バナナオーシャンでは<br>水鉄砲を用いたゲーム大会が開催されている。<br>大会に参加するためにチームメンバーを探す花騎士ロケアは、<br>休暇で訪れていた、とある花騎士達に声をかけるのだが……。	images/character/s/bustup_128103.png	images/synopsis/synopsisbg_4150.jpg	-240	0	100	images/ui/synopsis_button.png	
274	14470	復刻任務　戦乱バナナ	バナナオーシャン全域に突如急増する害虫の群れ――。<br>事態に対処すべく国を挙げて一致団結するその裏で、<br>“次世代の王”の器を試される者たちがいた。<br>富と誇り、愛と勇気、花騎士と害虫、そしてバナナ……。<br>果たして彼女たちは、見事この戦乱を平定できるのだろうか。	images/character/s/bustup_120835.png	images/synopsis/synopsisbg_4151.jpg	-240	0	100	images/ui/synopsis_button.png	
275	24000	再復刻任務　雅なる天つ花の令嬢	才ある花騎士を選ぶ才華祭で入賞した天つ花の令嬢たちを迎え、<br>ベルガモットバレーでは盛大な式典が開かれることになった。<br>各国で美食を味わった彼女たちを審査員に、<br>新たな名物を決める催しも開かれて大賑わいとなる。<br>案内役となった花騎士ハナオクラは、令嬢たちのお世話に、<br>式典の準備にと大忙し。<br>そんな中、意外なトラブルが発生し……？	images/character/s/bustup_140105.png	images/synopsis/synopsisbg_4098.jpg	-240	0	100	images/ui/synopsis_button.png	
276	24010	再復刻任務　きぐるみ・オンステージ	ティーリ島にて行われる、子どもと動物のふれあいイベント。<br>招待された花騎士達の重要な任務、それは……<br>「きぐるみを身にまとい、ショーに出演せよ！」<br>しかしやはり、平和なイベントに忍びこむ害虫たち。<br>ショーを止めてはいけない、<br>害虫も退治しなければいけない。<br>子どもたちの笑顔を守りながら、<br>ショーも成功させるのだ……！	images/character/s/bustup_122713.png	images/synopsis/synopsisbg_4099.jpg	-240	0	100	images/ui/synopsis_button.png	
277	14480	復刻任務　揺らめく追憶の島	ロータスレイク沖に、突如として島が現れた。<br>数百年前、害虫に襲われ沈んだというその島の名は――フロッタン島。<br>そんな島が、なぜ今になって急に浮上してきたのか。<br>その真実を探るべく、トリトニア調査隊の呼びかけに応じた<br>コイソリハ隊のメンバーは、フロッタン島へと降り立った……。	images/character/s/bustup_160815.png	images/synopsis/synopsisbg_4152.jpg	-240	0	100	images/ui/synopsis_button.png	
278	14490	復刻任務　迷える森の冒険譚	各国各地を旅する二人の冒険家、ハマナスとチオノドクサ。<br>エダの深き森を歩き回るその日は、いつもと何かが違った。<br>食い違う記憶、何度も通る同じ道、辿り着けない目的地……。<br>極めつけは、敵意のない白い害虫（？）との遭遇。<br>しかもそれを他の害虫から守ることになって――。	images/character/s/bustup_166705.png	images/synopsis/synopsisbg_4153.jpg	-180	0	100	images/ui/synopsis_button.png	
279	24020	再復刻任務　クリスマスギフトを貴方に	ウィンターローズ、フィユルの町。<br>かつて封印大氷壁を監視する最前線だったこの町も、<br>今ではすっかり吹雪に閉ざされ、寂れてしまっていた。<br>そんな町を再び活気づけるため、クリスマスバザーが開催されることに。<br>観光客はもちろん、バザーの警備にやってきた花騎士たちも、<br>大切な人へのクリスマスプレゼントを購入しようと思い思いに店を巡る。<br>しかしそこへ、買い物を邪魔する妙な害虫が現れて……？	images/character/s/bustup_165603.png	images/synopsis/synopsisbg_4100.jpg	-240	0	100	images/ui/synopsis_button.png	
280	24030	再復刻任務　聖夜に響く友情のベル	リリィウッドの聖夜を盛り上げるため、新たな祭り「聖樹祭」が開かれる。<br>世界花をクリスマスツリーとし、歌と音楽、贈り物で彩るお祭りだ。<br>しかしそのお祭りに、聖夜を憎む害虫が迫る。<br>押し寄せる害虫の群れと、謎の不調に苦しむ花騎士たち。<br>そんな中、聖歌隊の花騎士コーレアは、害虫の放つ「音」が、<br>皆を苦しめていることに気づくのだが――。	images/character/s/bustup_113003.png	images/synopsis/synopsisbg_4108.jpg	-240	0	100	images/ui/synopsis_button.png	
281	14500	復刻任務　キノコどこどこ捜索隊	ベルガモットバレーで行われるキノコ祭りのために、<br>ウカガミの谷でキノコ狩りをすることになった騎士団一行。<br>しかし、最近ウカガミの谷にはキノコを盗んでいく輩がいるらしい。<br>それを聞いた花騎士コナラは、<br>さっそく調査に乗り出そうとひとり突っ走り始めるが……？	images/character/s/bustup_140017.png	images/synopsis/synopsisbg_4154.jpg	-240	0	100	images/ui/synopsis_button.png	
282	305	最終任務　滅びの中の小さな箱庭	新たな花騎士の誕生により窮地を脱する一行。<br>次々に戦力が集結し、決戦は終わりへ向かって加速する。<br>敵は天雷と暁の王――千の羽のフラスベルグ。<br>希望を乗せた舟が今、雷鳴轟くコダイバナの空へと飛び立つ。	images/character/s/bustup_nzn_05.png	images/synopsis/synopsisbg_4156.jpg	-240	0	100	images/ui/synopsis_button.png	
283	14510	復刻任務　激推し★妹コンテスト！	ある界隈でささやかに開かれていた秘密の会合「姉会」は、<br>少しずつその規模を拡大し、全国交流会を開くまでに至った。<br>そこで挙がった一つの議題が騎士団長の頭を悩ませる。<br>――誰の妹が最高か、興味はありませんか？――<br>かくして唐突に、大規模な「妹コンテスト」が幕を開ける……！	images/character/s/bustup_110003.png	images/synopsis/synopsisbg_4155.jpg	-240	0	100	images/ui/synopsis_button.png	
284	24040	再復刻任務　すすめ、新春輸送隊！	マフル高原で大々的に行われるはずだった、新年を迎える儀式。<br>しかし、連絡の行き違いで、<br>エトゥ神殿に儀式用の荷物が届いてしまう。<br>今年が終わるまで、残された時間はあとわずか。<br>しかも、ベルガモットバレーまでの山道には、<br>害虫が群れを成している。<br>諦めが漂うそんな場に、たった二人の輸送部隊が居合わせた。<br>果たして儀式に間に合うのか？<br>緊急輸送アカシア隊、今年最後の大仕事！	images/character/s/bustup_160025.png	images/synopsis/synopsisbg_4109.jpg	-240	0	100	images/ui/synopsis_button.png	
285	24050	再復刻任務　湖底を照らす七草の絆	七草乙女団の面々と会うために、<br>ロータスレイクにやってきた騎士団一行を、<br>長らく会えなかったナズナの旧友、<br>コオニタビラコが歓迎してくれた。<br>今回の立役者・ディアスキアも交えて宴会を開いていると、<br>街を照らしていた灯りが、何者かに盗まれる事件が発生。<br>暗闇に沈む街に灯りを取り戻すため、<br>七草乙女団が調査に乗り出す――！	images/character/s/bustup_167903.png	images/synopsis/synopsisbg_4110.jpg	-240	0	100	images/ui/synopsis_button.png	
286	14520	復刻任務　お菓子の祭りと優しい歌	お祭り大国バナナオーシャンで、ハロウィンパーティーが開かれる。<br>この祭りではお菓子と仮装だけでなく、<br>歌や音楽にも力を入れているらしい。<br>そんなパーティーの手伝いに訪れた騎士団一行は、<br>なんと、そのメインステージで歌を披露することになってしまい……！？	images/character/s/bustup_112701.png	images/synopsis/synopsisbg_4157.jpg	-240	0	100	images/ui/synopsis_button.png	
287	14530	復刻任務　夢語る花の聖女	"万華祭で選ばれた花騎士達を""聖女""として祀り、<br>伝承の眠り姫に""夢""を語る催事がロータスレイクで開かれる。<br>中でも重要な儀式は、従来は限られた関係者のみで執り行われていたが、<br>今回は誰もが参加できる形式へと変更されたようだ。<br>その噂はまたたく間に広がり、多くの人々がロータスレイクへと集う。"	images/character/s/bustup_161603.png	images/synopsis/synopsisbg_4158.jpg	-240	0	100	images/ui/synopsis_button.png	
288	24060	再復刻任務　精華祭スノウロマンティカ	雪原の世界花ウィンターローズにて、<br>「もっとも華やかな花騎士」を決定する、<br>精華祭スノウロマンティカが開かれる！<br>元々は極寒を避け、室内で演技や歌を楽しむ祭りだったが、<br>今年は各国から花騎士が集まり、街中が舞台と化す一大行事となった。<br>女王ノヴァーリスの側近であるミニバラは、この祭りを成功させるため、<br>小さな体で奔走するのだが――。	images/character/s/bustup_111915.png	images/synopsis/synopsisbg_4111.jpg	-240	0	100	images/ui/synopsis_button.png	
289	24070	再復刻任務　唸れ！鉄拳バレンタイン	バレンタインを前に、<br>リリィウッドにて手作りチョコレート教室が開かれる。<br>製菓材料輸送の護衛として現地を訪れたノースポールは、<br>偶然同行することになった三人の花騎士もチョコ作りに参加すると知る。<br>冬の終わりを感じ、微かな寂しさを感じていたノースポールも興味を持ち、<br>自分も一緒に参加しようと決めた。しかし、まず彼女に告げられたのは、<br>「チョコを砕く前に、周囲の害虫を粉砕します」という一言だった……！	images/character/s/bustup_110817.png	images/synopsis/synopsisbg_4112.jpg	-240	0	100	images/ui/synopsis_button.png	
290	14540	復刻任務　目覚めよ究極のパワー！	日々激化していく戦いに備え、ロータスレイク水中都市で、<br>とあるチームが密かに結成されていた。<br>彼女達は日夜研究を続け、極秘の開発を行っている。<br>それは……騎士団長の力を極限まで高める究極のお薬！<br>はたして、そんなお薬の開発はうまくいくのか……！？	images/character/s/bustup_169611.png	images/synopsis/synopsisbg_4159.jpg	-240	0	100	images/ui/synopsis_button.png	
291	14550	復刻任務　戦の裾野に咲く花	激化する害虫侵攻への対策を模索して、<br>リリィウッド元老院の上院副議長タラゴンは<br>古くから実績のあるガルデ城塞の視察へ訪れる。<br>そんな彼女の案内兼護衛役を務めることになったのは、<br>ブロッサムヒル若手の中で急上昇株の花騎士アブラナだった。	images/character/s/bustup_130025.png	images/synopsis/synopsisbg_4160.jpg	-240	0	100	images/ui/synopsis_button.png	
292	24080	再復刻任務　一発逆転！水上の大博打	水上都市ロータスレイクで、スワンボートレース大会が開催！<br>いつにない規模のこの大会に、観客もおおいに盛り上がっている。<br>花騎士のバイカソウは、その中のとある賞品を手に入れるため、<br>他の花騎士達を利用……協力して、ボートレースにつぎ込んでいく。<br>しかし、レースにハプニングはつきもの。<br>トラブルを回避し、一攫千金の奇跡は起こせるのか……！？	images/character/s/bustup_160017.png	images/synopsis/synopsisbg_4114.jpg	-240	0	100	images/ui/synopsis_button.png	
293	24090	再復刻任務　花騎士連続殺人事件！？	慰安旅行で温泉宿にやってきた騎士団一行。<br>風谷を彩る花を愛でつつ温泉で疲れを癒やす……はずだった。<br>しかし、一時の平穏は、絹を裂くような悲鳴で破られる。<br>温泉宿に巻き起こる血の惨劇。次々と倒れる花騎士。<br>これは事故か、事件か、はたまた害虫の仕業なのか……？<br>新人花騎士アナナスは真相究明のため奔走する！	images/character/s/bustup_158901.png	images/synopsis/synopsisbg_4115.jpg	-240	0	100	images/ui/synopsis_button.png	
294	14560	復刻任務　優しい聖夜の思い出を	数百年前に沈没し、再び浮上してきたフロッタン島。<br>島に潜む驚異を打ち倒したトリトニアは、<br>その後の調査のかたわら、とある計画を考えていた。<br>それは、大事な隊員ふたりへのちょっとした贈り物。<br>島にまつわる、楽しい思い出を作るための計画だった……。	images/character/s/bustup_167303.png	images/synopsis/synopsisbg_4161.jpg	-240	0	100	images/ui/synopsis_button.png	
295	14570	復刻任務　仕事納めは七草と	年末休暇――久しぶりに七草乙女団の面々と<br>ゆっくり過ごせる時間を楽しみにしていたコオニタビラコだが、<br>ナズナをはじめ故郷リリィウッドではまだまだ仕事納めが遠い様子。<br>そこで一行は「昔みたいに困っている人の手伝いをしよう」と閃き、<br>人々が早く休みを楽しめるよう行動を開始するのだった。	images/character/s/bustup_129603.png	images/synopsis/synopsisbg_4162.jpg	-240	0	100	images/ui/synopsis_button.png	
296	24100	再復刻任務　運命のラスト・ベット！	移動式カジノ、夢の楽園「パルファン・ノッテ」！<br>老若男女、貴賤貧富の差を問わず、誰もが楽しむ遊戯の場。<br>そこに向かうのは、強運の持ち主である花騎士カゲツ。<br>……ただし、絶賛負け越し中の、勝負に弱い雇い主の付き添いとして。<br>一方その頃、カジノのオーナーは何者かと密会の最中。<br>パルファン・ノッテには、いかなる秘密が隠されているのか……？	images/character/s/bustup_110005.png	images/synopsis/synopsisbg_4116.jpg	-240	0	100	images/ui/synopsis_button.png	
297	24110	再復刻任務　昏き監獄の金の鍵	刻一刻とバナナオーシャン本土に迫る巨大な嵐。<br>それは絶海の孤島「監獄島」の接近を意味していた。<br>襲い来る破滅に立ち向かう花騎士たち。<br>封印から解き放たれ、猛威を振るう害虫の群れ。<br>そして、島の深奥に潜む巨大生命体“マザー”の目的とは？<br>今、長きに渡る悲劇と因縁に決着の幕が下りる――。	images/character/s/bustup_124401.png	images/synopsis/synopsisbg_4117.jpg	-240	0	100	images/ui/synopsis_button.png	
298	14580	復刻任務　神霊樹林の守り手	リリィウッドでの激戦を経て、<br>つかの間の平穏が訪れていた頃……。<br>オズの神霊樹林では、度重なる戦いによって<br>傷ついた樹木の調査と、保護の強化が行われることに。<br>重要な任務を任された花騎士ミズキは、<br>その期待に応えようと奔走するが……。	images/character/s/bustup_153205.png	images/synopsis/synopsisbg_4163.jpg	-240	0	100	images/ui/synopsis_button.png	
299	14590	復刻任務　千の羽のフラスベルグ	――緊急招集、緊急招集。<br>コダイバナ上空にて史上類を見ない超異常気象を観測。<br>元凶は古の災厄フラスベルグ。<br>羽搏きひとつが古代害虫による被害を上回ると推定。<br>また現在、超広域への無差別雷撃とともに<br>コダイバナ全土の害虫の活性化が加速。<br>一つでも多くの騎士団、一人でも多くの花騎士の協力を求む。<br>繰り返す、緊急招集、緊急招集、緊急招集、緊急招集……………………。	images/character/s/bustup_150825.png	images/synopsis/synopsisbg_4164.jpg	-240	0	100	images/ui/synopsis_button.png	
300	24120	再復刻任務　駆ける春風とイースター	ブロッサムヒルにイースター祭りがやってきた！<br>華やかなバニーガールと卵に彩られた街で、<br>ひときわ人気を博しているのが、エッグアンドスプーンレース。<br>ブロッサムヒルが大好きな花騎士アナガリスも<br>レースの開催を楽しみにしている一人だが、<br>どうやらイースターエッグを狙う不届き者がいるようで……？	images/character/s/bustup_130905.png	images/synopsis/synopsisbg_4118.jpg	-240	0	100	images/ui/synopsis_button.png	
301	24130	再復刻任務　熱闘！ベイサボール！！	常夏のバナナオーシャンで、史上最大のベイサボール大会が開かれた！<br>各国から腕利きの花騎士たちが集まり、熱い闘いが繰り広げられる。<br>……そんな中、自信をなくし、花騎士の引退を考えるノラナは、<br>ひょんなことからベイサボールチームを結成することになった。<br>ライバルとの再戦を誓う名投手、チアガール、自称・桃源郷の秘密兵器。<br>くせ者だらけの急造チームの運命やいかに……！？	images/character/s/bustup_120005.png	images/synopsis/synopsisbg_4119.jpg	-240	0	100	images/ui/synopsis_button.png	
302	14600	復刻任務　恋愛成就とチョコレート	ベルガモットバレーで開催されるバレンタインのお祭り。<br>可愛いものが大好きな花騎士バウエラは、<br>お祭りで可愛らしく彩られた町並みにご満悦。<br>そんな中、海賊団のためのバレンタインチョコを作りに来た<br>イカリソウと出会い、彼女を手伝うことにするのだが……。	images/character/s/bustup_147601.png	images/synopsis/synopsisbg_4165.jpg	-240	0	100	images/ui/synopsis_button.png	
303	14610	復刻任務　ようこそ南の猫の島	にゃんにゃにゃにゃ。にゃんにゃ、にゃーん。<br>にゃん！　にゃにゃん、にゃぁん……にゃ～んにゃ、にゃんっ♪<br>（訳：我々は猫である。名前はあったりなかったりする。<br>南の島に連れて来られ、其処で人の子と戯れるよう云われた。<br>無論従うつもりはない。我々は猫、自由気儘に生きる猫……）	images/character/s/bustup_123003.png	images/synopsis/synopsisbg_4166.jpg	-240	0	100	images/ui/synopsis_button.png	
304	24150	再復刻任務　禁断の扉よ、開け	「地中から迫る群体の害虫が、世界花を襲撃する」という大事件を受け、<br>各国で対策が講じられる中、リリィウッド元老院に一つの議案が上がる。<br>――賢人エダの遺産が一つ、「禁書」の封印を解く――<br>元老院の上院副議長に召喚された歴史学者ソリダスターは、<br>禁書の在り処、そしてそこにまつわる謎の調査を開始。<br>果たして、深き森に閉ざされた禁断の扉は開くのだろうか……？	images/character/s/bustup_120823.png	images/synopsis/synopsisbg_4120.jpg	-240	0	100	images/ui/synopsis_button.png	
305	24160	再復刻任務　風谷の里のキノコ祭り	ベルガモットバレー・マフル高原で「キノコ祭り」が開催される。<br>キノコ狩り体験に加え、様々なキノコ料理を味わえるとあって<br>一般客も多く参加するにぎやかなイベントだ。<br>そんな祭りの警備と、キノコの調達を依頼された騎士団一行。<br>キノコ好きだが引っ込み思案の花騎士エリンギも、<br>噂の「幻のキノコ」を見られるかも、と期待しているのだが……？	images/character/s/bustup_160023.png	images/synopsis/synopsisbg_4121.jpg	-240	0	100	images/ui/synopsis_button.png	
306	14620	復刻任務　花交わる春の宴	ブロッサムヒル随一の商業都市スカネで、<br>花騎士たちの交流を深めるためのお花見が開かれることに。<br>気配り上手な花騎士ブルーレースフラワーは、<br>人付き合いが苦手な友人ブーゲンビリアが<br>ひょんなことから幹事に抜擢されたのを知り、手伝うことにするのだが……。	images/character/s/bustup_159605.png	images/synopsis/synopsisbg_4167.jpg	-240	0	100	images/ui/synopsis_button.png	
307	14630	復刻任務　寂しがりの金色兎	リリィウッドでイースターのお祭りが開かれることになった。<br>料理は得意だが一人で頑張りがちなデュランタや、<br>何かとリリィウッドに縁のあるイソギクが中心となって準備は進む。<br>そして、そんなお祭りを楽しみにやって来る花騎士がまた一人――。<br>「たくさん仲良しになって、お友達になれたら嬉しいな♪」	images/character/s/bustup_131941.png	images/synopsis/synopsisbg_4168.jpg	-240	0	100	images/ui/synopsis_button.png	
308	24170	再復刻任務　アルーサ・フェスタ！	ファッションブランド“アスファル”が主催する、<br>大規模なブライダル体験会が、ウィンターローズで開かれる。<br>花嫁に憧れるお客様をもてなす花婿役は――花騎士。<br>あどけない少年、凛々しい青年、それぞれに魅力溢れる花婿たち。<br>雪原の世界花に、黄色い歓声が響き渡る。<br>しかし当の花騎士たちにも、花嫁への憧れはあって……。	images/character/s/bustup_110819.png	images/synopsis/synopsisbg_4122.jpg	-240	0	100	images/ui/synopsis_button.png	
309	24180	再復刻任務　じめじめカビパニック！	開催を数日後に控えた「食材と料理の博覧会」。<br>様々な美味を楽しめる素晴らしいイベントになるはずが、<br>各国から集められた食材に、なぜかカビが大発生！<br>原因を突き止めて排除するだけでなく、<br>食材の安全を確保しなければ、イベントは中止となってしまう……。<br>今、かつてない食の危機が花騎士達に迫っていた！！	images/character/s/bustup_166703.png	images/synopsis/synopsisbg_4123.jpg	-240	0	100	images/ui/synopsis_button.png	
310	14640	復刻任務　ベリーフルーツハッピー！	ベルガモットバレーから各国に、大量の果実が贈られた。<br>そこでブロッサムヒルでは「フルーツフェスタ」を開催。<br>そんな中、仲良しグループ「ベリーズ」のメンバーは<br>自分たちの活動目標を達成すべく、<br>フェスタのお手伝いをしようとするが……？	images/character/s/bustup_114205.png	images/synopsis/synopsisbg_4169.jpg	-240	0	100	images/ui/synopsis_button.png	
311	14650	復刻任務　考古学者と英雄見習い	"""北の雪原のどこかに、賢人の隠し遺跡があるらしい""<br>まことしやかに囁かれる噂話を調査するため、<br>ウィンターローズへとやって来た考古学者の花騎士ディル。<br>戦うことが苦手な彼女とチームを組むのは、現地の花騎士たちと、<br>""英雄""を追いかけて来たというロータスレイクの花騎士で……？"	images/character/s/bustup_159603.png	images/synopsis/synopsisbg_4170.jpg	-240	0	100	images/ui/synopsis_button.png	
312	24190	再復刻任務　ようこそ！花咲く海の家	ロータスレイクのはずれ、クール海岸。<br>その浜辺に建つ海の家「クール・デ・ラメール」で、<br>期間限定「花騎士海の家」がオープンすることになった。<br>お手伝いにやってきた花騎士テンナンショウも、<br>海の家を盛り上げるべく奔走するが、<br>どうやら妙な害虫も現れたようで……！？	images/character/s/bustup_153403.png	images/synopsis/synopsisbg_4124.jpg	-240	0	100	images/ui/synopsis_button.png	
313	24200	再復刻任務　千の頭のミズウォルム	――緊急招集、緊急招集。<br>リリィウッド、ミズ回廊地下にて多数の害虫を確認。<br>その正体は数億もの個体からなる群体型害虫、ミズウォルムである。<br>世界の根源となる力を求め、地下深層へと侵攻中。<br>一つでも多くの騎士団、一人でも多くの花騎士の協力を求む。<br>繰り返す、緊急招集、緊急招集、緊急招集、緊急招集…………。	images/character/s/bustup_160805.png	images/synopsis/synopsisbg_4125.jpg	-240	0	100	images/ui/synopsis_button.png	
314	14660	復刻任務　探せ！未知なる大発見！？	コイソリハ隊のリーダーである花騎士ソリダゴは<br>休暇を利用して、バナナオーシャンの遺跡調査にやってきた。<br>そこで、博士になることを夢見るバードックと、<br>その助手であるキャロットの二人と出会い、一緒に調査をすることに。<br>謎の遺跡が数多く残るバナナオーシャンで、一行は何を見つけるのか……？<br>	images/character/s/bustup_160813.png	images/synopsis/synopsisbg_4171.jpg	-240	0	100	images/ui/synopsis_button.png	
315	14670	復刻任務　我が麗しのツインテール	"在りし日に見た理想のツインテールに思いを馳せ、<br>とある貴族が""ツインテールコンクール""の開催を宣言する。<br>半ば強引に巻き込まれるモスローズたち仲良し三人組だが、<br>ツインテールには並々ならぬ思いがあり、強豪たちと激戦を繰り広げていく。<br>果たして最優秀賞の座""クイーンテール""の称号は誰の手に――！？"	images/character/s/bustup_121905.png	images/synopsis/synopsisbg_4172.jpg	-240	0	100	images/ui/synopsis_button.png	
316	24210	再復刻任務　ビーチ・ウォーズ！	強い日差し、熱い砂浜、そして燃え上がる熱気と対抗心！<br>休暇代わりに与えられたリゾート地ティーリ島での<br>ゆる～い警備任務は、騎士団一行を開放的な<br>バカンス気分にさせる……はずだったが、休む間もなく、<br>渚の球技大会やイベントに挑戦することになり……！？<br>浮かれた害虫も吹き飛ばせ！　夏のビーチは戦いだ！	images/character/s/bustup_120403.png	images/synopsis/synopsisbg_4126.jpg	-240	0	100	images/ui/synopsis_button.png	
317	24220	再復刻任務　真夏のマリンクルーズ	ヨーテホルクの港に、一隻のクルーズ船がやってきた。<br>夏のひととき、バカンス気分を満喫しようと<br>様々な客がそのクルーズ船に乗り込んでいく。<br>船旅が大好きな花騎士ロエオも、さっそく船で知り合った<br>花騎士達とともにバカンスを楽しもうとするが、<br>招かれざる客まで乗り込み、どうやら一波乱ありそうな予感……！？	images/character/s/bustup_128001.png	images/synopsis/synopsisbg_4127.jpg	-240	0	100	images/ui/synopsis_button.png	
318	14690	復刻任務　フェリアに咲く花嫁たち	フェリアの花園で「フェリア・ブライドフェスタ」が開催されることに。<br>花嫁役に選ばれたクルミと、その友人のアーモンドは<br>さっそく訪れたフェスタの会場で、<br>なにやら並々ならぬ決意に燃えるラベンダーと遭遇する。<br>そしてなぜか三人でフェスタのゲームに参加することになり……。	images/character/s/bustup_131943.png	images/synopsis/synopsisbg_4173.jpg	-240	0	100	images/ui/synopsis_button.png	
319	400	千年騎士団	これまで数々の輝かしい功績を残してきた騎士団。<br>次なる戦いに備えて、<br>今回はその軌跡と奇跡を振り返ってみよう……。	images/character/s/bustup_109905.png	images/synopsis/synopsisbg_0001.jpg	-240	0	100	images/ui/synopsis_button.png	
320	401	夢見る花の見る夢	外の世界進出への機運が高まるスプリングガーデン。<br>しかしその具体的な方法は謎に包まれたまま……。<br>その鍵を握るのは、「毛玉の精霊」……？	images/character/s/bustup_130501_02.png	images/synopsis/synopsisbg_0002.jpg	-240	0	100	images/ui/synopsis_button.png	